x_rel_mm,y_rel_mm,value
0,142,1.16415
-22,140,1.144486
-20,140,1.162848
-18,140,1.144831
-16,140,1.153453
-14,140,1.139016
-12,140,1.143251
-10,140,1.145695
-8,140,1.134273
-6,140,1.155181
-4,140,1.139069
-2,140,1.156425
0,140,1.154964
2,140,1.150078
4,140,1.155849
6,140,1.162061
8,140,1.145294
10,140,1.146074
12,140,1.161998
14,140,1.167149
16,140,1.149189
18,140,1.17114
20,140,1.16698
22,140,1.169369
32,138,1.154596
30,138,1.134181
28,138,1.156507
26,138,1.14848
24,138,1.148006
22,138,1.16273
20,138,1.154016
18,138,1.175349
16,138,1.145292
14,138,1.149029
12,138,1.14843
10,138,1.149666
8,138,1.126327
6,138,1.139843
4,138,1.139573
2,138,1.145127
0,138,1.16439
-2,138,1.155585
-4,138,1.143988
-6,138,1.14147
-8,138,1.144559
-10,138,1.165332
-12,138,1.164681
-14,138,1.133972
-16,138,1.139824
-18,138,1.142389
-20,138,1.144146
-22,138,1.142688
-24,138,1.132004
-26,138,1.126257
-28,138,1.102786
-30,138,1.197654
-32,138,1.147759
-40,136,1.142754
-38,136,1.247935
-36,136,1.166986
-34,136,1.149218
-32,136,1.163149
-30,136,1.162793
-28,136,1.136105
-26,136,1.145914
-24,136,1.142159
-22,136,1.140589
-20,136,1.141437
-18,136,1.142744
-16,136,1.12714
-14,136,1.138854
-12,136,1.169073
-10,136,1.160476
-8,136,1.148309
-6,136,1.144493
-4,136,1.148276
-2,136,1.157004
0,136,1.141178
2,136,1.144219
4,136,1.144215
6,136,1.166088
8,136,1.156746
10,136,1.154678
12,136,1.129946
14,136,1.132457
16,136,1.16002
18,136,1.195366
20,136,1.135898
22,136,1.159788
24,136,1.140454
26,136,1.154816
28,136,1.142033
30,136,1.149576
32,136,1.187278
34,136,1.128393
36,136,1.169513
38,136,1.134473
40,136,1.14874
46,134,1.152696
44,134,1.119132
42,134,1.164603
40,134,1.13223
38,134,1.154926
36,134,1.131655
34,134,1.143447
32,134,1.158419
30,134,1.176233
28,134,1.146031
26,134,1.139041
24,134,1.151794
22,134,1.171015
20,134,1.158257
18,134,1.158692
16,134,1.136865
14,134,1.147041
12,134,1.134246
10,134,1.142088
8,134,1.135831
6,134,1.148307
4,134,1.136666
2,134,1.15408
0,134,1.153886
-2,134,1.161021
-4,134,1.124147
-6,134,1.150339
-8,134,1.154408
-10,134,1.135035
-12,134,1.163897
-14,134,1.148707
-16,134,1.151618
-18,134,1.157263
-20,134,1.156315
-22,134,1.147292
-24,134,1.149116
-26,134,1.163406
-28,134,1.151976
-30,134,1.135588
-32,134,1.196598
-34,134,1.140822
-36,134,1.150133
-38,134,1.187721
-40,134,1.277752
-42,134,1.151372
-44,134,1.176116
-46,134,1.135084
-52,132,1.131952
-50,132,1.132561
-48,132,1.139523
-46,132,1.124163
-44,132,1.142542
-42,132,1.156849
-40,132,1.217649
-38,132,1.210859
-36,132,1.174088
-34,132,1.174453
-32,132,1.125834
-30,132,1.131352
-28,132,1.154739
-26,132,1.168023
-24,132,1.158937
-22,132,1.147853
-20,132,1.14921
-18,132,1.157472
-16,132,1.144768
-14,132,1.136124
-12,132,1.147163
-10,132,1.139833
-8,132,1.15255
-6,132,1.144699
-4,132,1.123992
-2,132,1.153438
0,132,1.142008
2,132,1.151052
4,132,1.128333
6,132,1.162755
8,132,1.149481
10,132,1.15261
12,132,1.139047
14,132,1.163594
16,132,1.147559
18,132,1.166915
20,132,1.16179
22,132,1.159638
24,132,1.156908
26,132,1.144216
28,132,1.145087
30,132,1.152402
32,132,1.171865
34,132,1.149082
36,132,1.155673
38,132,1.172263
40,132,1.139954
42,132,1.163254
44,132,1.117584
46,132,1.151547
48,132,1.159232
50,132,1.163539
52,132,1.160078
56,130,1.149899
54,130,1.135941
52,130,1.165544
50,130,1.154165
48,130,1.169391
46,130,1.156388
44,130,1.143786
42,130,1.150079
40,130,1.159036
38,130,1.175058
36,130,1.177641
34,130,1.125894
32,130,1.16444
30,130,1.15032
28,130,1.143735
26,130,1.160972
24,130,1.155851
22,130,1.152194
20,130,1.149799
18,130,1.153189
16,130,1.15341
14,130,1.156668
12,130,1.148639
10,130,1.146154
8,130,1.145594
6,130,1.148452
4,130,1.143596
2,130,1.151226
0,130,1.152043
-2,130,1.152627
-4,130,1.14334
-6,130,1.141071
-8,130,1.151103
-10,130,1.148109
-12,130,1.15488
-14,130,1.149547
-16,130,1.151216
-18,130,1.148416
-20,130,1.143143
-22,130,1.13322
-24,130,1.146511
-26,130,1.139622
-28,130,1.151228
-30,130,1.136777
-32,130,1.141955
-34,130,1.192738
-36,130,1.14838
-38,130,1.168046
-40,130,1.221338
-42,130,1.15263
-44,130,1.15071
-46,130,1.145868
-48,130,1.163805
-50,130,1.14153
-52,130,1.134281
-54,130,1.12457
-56,130,1.152274
-60,128,1.143385
-58,128,1.136329
-56,128,1.138138
-54,128,1.139607
-52,128,1.126917
-50,128,1.137517
-48,128,1.146606
-46,128,1.139961
-44,128,1.141333
-42,128,1.150433
-40,128,1.226924
-38,128,1.192391
-36,128,1.242031
-34,128,1.151507
-32,128,1.137369
-30,128,1.142518
-28,128,1.155802
-26,128,1.147671
-24,128,1.151776
-22,128,1.150158
-20,128,1.161902
-18,128,1.160228
-16,128,1.143247
-14,128,1.150626
-12,128,1.143266
-10,128,1.169035
-8,128,1.156945
-6,128,1.148895
-4,128,1.136786
-2,128,1.138223
0,128,1.155106
2,128,1.160034
4,128,1.139617
6,128,1.146655
8,128,1.149205
10,128,1.150479
12,128,1.155992
14,128,1.161766
16,128,1.154795
18,128,1.141525
20,128,1.158484
22,128,1.161187
24,128,1.152186
26,128,1.147118
28,128,1.156373
30,128,1.19641
32,128,1.26231
34,128,1.262598
36,128,1.196534
38,128,1.198497
40,128,1.165956
42,128,1.165561
44,128,1.14892
46,128,1.137323
48,128,1.166192
50,128,1.141206
52,128,1.158827
54,128,1.174205
56,128,1.139894
58,128,1.152384
60,128,1.157465
64,126,1.157589
62,126,1.16239
60,126,1.167275
58,126,1.149297
56,126,1.15091
54,126,1.14022
52,126,1.140733
50,126,1.146472
48,126,1.146799
46,126,1.147604
44,126,1.149308
42,126,1.159494
40,126,1.133595
38,126,1.14562
36,126,1.13648
34,126,1.129343
32,126,1.189416
30,126,1.266908
28,126,1.146672
26,126,1.151997
24,126,1.154614
22,126,1.158515
20,126,1.160451
18,126,1.167247
16,126,1.132268
14,126,1.144291
12,126,1.147852
10,126,1.155991
8,126,1.1381
6,126,1.144422
4,126,1.142114
2,126,1.151195
0,126,1.157259
-2,126,1.127875
-4,126,1.134438
-6,126,1.143715
-8,126,1.155235
-10,126,1.152156
-12,126,1.151564
-14,126,1.146642
-16,126,1.143929
-18,126,1.1938
-20,126,1.159413
-22,126,1.148365
-24,126,1.144683
-26,126,1.145241
-28,126,1.139503
-30,126,1.156145
-32,126,1.156915
-34,126,1.162549
-36,126,1.122456
-38,126,1.199246
-40,126,1.204352
-42,126,1.148487
-44,126,1.158044
-46,126,1.141724
-48,126,1.162941
-50,126,1.124966
-52,126,1.142713
-54,126,1.142776
-56,126,1.125392
-58,126,1.143481
-60,126,1.13844
-62,126,1.139003
-64,126,1.146689
-68,124,1.146554
-66,124,1.138946
-64,124,1.134163
-62,124,1.158211
-60,124,1.150195
-58,124,1.155946
-56,124,1.1398
-54,124,1.134786
-52,124,1.148471
-50,124,1.152323
-48,124,1.150088
-46,124,1.127204
-44,124,1.146139
-42,124,1.148176
-40,124,1.227921
-38,124,1.241074
-36,124,1.13705
-34,124,1.161004
-32,124,1.140967
-30,124,1.142488
-28,124,1.163595
-26,124,1.149781
-24,124,1.150337
-22,124,1.14396
-20,124,1.151281
-18,124,1.16277
-16,124,1.147201
-14,124,1.146922
-12,124,1.146248
-10,124,1.149162
-8,124,1.149739
-6,124,1.135477
-4,124,1.141187
-2,124,1.130312
0,124,1.129802
2,124,1.151016
4,124,1.150116
6,124,1.157445
8,124,1.130322
10,124,1.134598
12,124,1.149112
14,124,1.12817
16,124,1.156545
18,124,1.158183
20,124,1.134172
22,124,1.152197
24,124,1.139296
26,124,1.146341
28,124,1.136994
30,124,1.215729
32,124,1.216258
34,124,1.221049
36,124,1.126866
38,124,1.162142
40,124,1.1381
42,124,1.163348
44,124,1.133
46,124,1.139651
48,124,1.139368
50,124,1.15142
52,124,1.16701
54,124,1.157816
56,124,1.132841
58,124,1.154988
60,124,1.163188
62,124,1.191501
64,124,1.163412
66,124,1.146597
68,124,1.163627
72,122,1.173483
70,122,1.180305
68,122,1.164087
66,122,1.148635
64,122,1.162041
62,122,1.13941
60,122,1.165985
58,122,1.13621
56,122,1.190767
54,122,1.162426
52,122,1.134058
50,122,1.149045
48,122,1.159503
46,122,1.159625
44,122,1.142101
42,122,1.178465
40,122,1.140779
38,122,1.174419
36,122,1.173015
34,122,1.15818
32,122,1.271436
30,122,1.220174
28,122,1.258295
26,122,1.165459
24,122,1.168404
22,122,1.148551
20,122,1.141388
18,122,1.155949
16,122,1.141226
14,122,1.162925
12,122,1.153007
10,122,1.147296
8,122,1.126316
6,122,1.137334
4,122,1.143023
2,122,1.139957
0,122,1.146216
-2,122,1.139931
-4,122,1.142894
-6,122,1.164436
-8,122,1.142662
-10,122,1.141729
-12,122,1.166705
-14,122,1.136337
-16,122,1.17038
-18,122,1.156137
-20,122,1.154307
-22,122,1.157294
-24,122,1.154852
-26,122,1.154463
-28,122,1.170518
-30,122,1.167221
-32,122,1.146627
-34,122,1.152803
-36,122,1.140351
-38,122,1.259202
-40,122,1.211587
-42,122,1.145272
-44,122,1.136543
-46,122,1.12005
-48,122,1.137921
-50,122,1.159443
-52,122,1.136073
-54,122,1.14513
-56,122,1.140147
-58,122,1.129859
-60,122,1.149497
-62,122,1.134852
-64,122,1.149154
-66,122,1.162768
-68,122,1.149983
-70,122,1.139051
-72,122,1.152567
-74,120,1.147053
-72,120,1.125783
-70,120,1.139076
-68,120,1.143975
-66,120,1.164386
-64,120,1.135596
-62,120,1.135944
-60,120,1.144087
-58,120,1.141345
-56,120,1.137445
-54,120,1.144011
-52,120,1.120428
-50,120,1.122409
-48,120,1.128555
-46,120,1.140677
-44,120,1.1323
-42,120,1.144887
-40,120,1.13359
-38,120,1.1226
-36,120,1.160756
-34,120,1.145161
-32,120,1.134905
-30,120,1.161481
-28,120,1.151652
-26,120,1.135875
-24,120,1.142621
-22,120,1.163114
-20,120,1.125444
-18,120,1.184884
-16,120,1.158219
-14,120,1.15264
-12,120,1.149153
-10,120,1.137067
-8,120,1.146599
-6,120,1.187538
-4,120,1.134694
-2,120,1.159483
0,120,1.143841
2,120,1.142981
4,120,1.149469
6,120,1.141188
8,120,1.153883
10,120,1.122109
12,120,1.152737
14,120,1.158288
16,120,1.149197
18,120,1.160748
20,120,1.174383
22,120,1.1679
24,120,1.153911
26,120,1.129398
28,120,1.175464
30,120,1.187614
32,120,1.233517
34,120,1.138421
36,120,1.134258
38,120,1.152929
40,120,1.163523
42,120,1.184142
44,120,1.138323
46,120,1.139062
48,120,1.145586
50,120,1.139507
52,120,1.141859
54,120,1.144606
56,120,1.177637
58,120,1.148176
60,120,1.156772
62,120,1.153509
64,120,1.152194
66,120,1.152542
68,120,1.154856
70,120,1.167562
72,120,1.16976
74,120,1.171033
78,118,1.166198
76,118,1.157771
74,118,1.175279
72,118,1.142122
70,118,1.155427
68,118,1.153504
66,118,1.143498
64,118,1.158594
62,118,1.154134
60,118,1.14215
58,118,1.13872
56,118,1.134799
54,118,1.153523
52,118,1.144192
50,118,1.15359
48,118,1.150868
46,118,1.142778
44,118,1.148778
42,118,1.168994
40,118,1.139182
38,118,1.148095
36,118,1.155849
34,118,1.165461
32,118,1.146773
30,118,1.225524
28,118,1.206303
26,118,1.247509
24,118,1.178501
22,118,1.131925
20,118,1.127967
18,118,1.140107
16,118,1.15125
14,118,1.146376
12,118,1.138906
10,118,1.144919
8,118,1.131768
6,118,1.15129
4,118,1.155749
2,118,1.141053
0,118,1.124936
-2,118,1.143715
-4,118,1.136398
-6,118,1.190427
-8,118,1.156991
-10,118,1.138057
-12,118,1.145123
-14,118,1.153537
-16,118,1.154922
-18,118,1.160961
-20,118,1.150912
-22,118,1.163882
-24,118,1.134229
-26,118,1.147478
-28,118,1.136719
-30,118,1.141522
-32,118,1.137687
-34,118,1.142602
-36,118,1.156544
-38,118,1.155707
-40,118,1.12337
-42,118,1.14358
-44,118,1.131574
-46,118,1.139552
-48,118,1.12564
-50,118,1.138178
-52,118,1.167622
-54,118,1.123481
-56,118,1.133096
-58,118,1.127515
-60,118,1.148454
-62,118,1.131278
-64,118,1.130092
-66,118,1.172074
-68,118,1.141043
-70,118,1.137826
-72,118,1.138278
-74,118,1.162184
-76,118,1.155379
-78,118,1.1683
-80,116,1.184626
-78,116,1.158802
-76,116,1.142123
-74,116,1.15041
-72,116,1.134505
-70,116,1.155064
-68,116,1.144572
-66,116,1.118824
-64,116,1.145384
-62,116,1.133906
-60,116,1.144612
-58,116,1.126983
-56,116,1.150882
-54,116,1.13305
-52,116,1.178975
-50,116,1.17518
-48,116,1.136961
-46,116,1.155993
-44,116,1.148723
-42,116,1.144755
-40,116,1.110968
-38,116,1.152584
-36,116,1.138549
-34,116,1.151649
-32,116,1.140162
-30,116,1.161374
-28,116,1.151906
-26,116,1.147918
-24,116,1.145096
-22,116,1.143086
-20,116,1.145854
-18,116,1.149113
-16,116,1.152162
-14,116,1.148348
-12,116,1.152448
-10,116,1.162515
-8,116,1.167448
-6,116,1.193094
-4,116,1.137697
-2,116,1.122785
0,116,1.13149
2,116,1.141907
4,116,1.159334
6,116,1.156937
8,116,1.14507
10,116,1.161124
12,116,1.152486
14,116,1.163645
16,116,1.166166
18,116,1.159241
20,116,1.150503
22,116,1.168223
24,116,1.238314
26,116,1.173483
28,116,1.17691
30,116,1.246894
32,116,1.159645
34,116,1.1682
36,116,1.16827
38,116,1.150002
40,116,1.149886
42,116,1.146461
44,116,1.147214
46,116,1.136134
48,116,1.145711
50,116,1.145669
52,116,1.158027
54,116,1.162528
56,116,1.177354
58,116,1.153332
60,116,1.155867
62,116,1.151755
64,116,1.15485
66,116,1.150178
68,116,1.141026
70,116,1.153868
72,116,1.157224
74,116,1.15767
76,116,1.160303
78,116,1.136325
80,116,1.199458
84,114,1.150075
82,114,1.165872
80,114,1.168127
78,114,1.168977
76,114,1.144453
74,114,1.150426
72,114,1.155273
70,114,1.158457
68,114,1.163336
66,114,1.144957
64,114,1.158609
62,114,1.142287
60,114,1.151954
58,114,1.149356
56,114,1.141957
54,114,1.168186
52,114,1.1325
50,114,1.1194
48,114,1.157781
46,114,1.145093
44,114,1.139291
42,114,1.175754
40,114,1.157265
38,114,1.151536
36,114,1.140618
34,114,1.153797
32,114,1.153246
30,114,1.283157
28,114,1.225761
26,114,1.192594
24,114,1.194012
22,114,1.14928
20,114,1.149329
18,114,1.178853
16,114,1.149547
14,114,1.147836
12,114,1.144714
10,114,1.133309
8,114,1.133694
6,114,1.156705
4,114,1.153019
2,114,1.133807
0,114,1.144353
-2,114,1.151523
-4,114,1.141989
-6,114,1.139261
-8,114,1.160993
-10,114,1.138172
-12,114,1.161356
-14,114,1.15155
-16,114,1.158183
-18,114,1.183885
-20,114,1.151977
-22,114,1.156265
-24,114,1.157519
-26,114,1.148439
-28,114,1.144284
-30,114,1.153097
-32,114,1.151001
-34,114,1.124864
-36,114,1.156954
-38,114,1.14881
-40,114,1.13823
-42,114,1.149944
-44,114,1.154751
-46,114,1.129681
-48,114,1.116089
-50,114,1.07904
-52,114,1.104669
-54,114,1.182298
-56,114,1.137639
-58,114,1.127892
-60,114,1.134288
-62,114,1.126812
-64,114,1.139497
-66,114,1.141247
-68,114,1.14072
-70,114,1.145598
-72,114,1.160309
-74,114,1.154351
-76,114,1.125973
-78,114,1.15419
-80,114,1.138813
-82,114,1.147669
-84,114,1.145661
-86,112,1.155509
-84,112,1.173162
-82,112,1.146224
-80,112,1.133221
-78,112,1.181454
-76,112,1.154854
-74,112,1.15661
-72,112,1.148996
-70,112,1.141558
-68,112,1.144116
-66,112,1.139707
-64,112,1.145662
-62,112,1.127606
-60,112,1.134073
-58,112,1.136539
-56,112,1.154492
-54,112,1.183568
-52,112,1.275369
-50,112,1.25792
-48,112,1.094991
-46,112,1.11492
-44,112,1.14638
-42,112,1.148536
-40,112,1.140178
-38,112,1.125574
-36,112,1.124498
-34,112,1.147338
-32,112,1.132035
-30,112,1.176571
-28,112,1.145658
-26,112,1.159571
-24,112,1.158483
-22,112,1.151831
-20,112,1.148465
-18,112,1.151904
-16,112,1.142404
-14,112,1.164782
-12,112,1.161306
-10,112,1.143793
-8,112,1.151486
-6,112,1.131447
-4,112,1.14992
-2,112,1.156166
0,112,1.149108
2,112,1.134699
4,112,1.16063
6,112,1.140119
8,112,1.135924
10,112,1.138323
12,112,1.148398
14,112,1.144445
16,112,1.149497
18,112,1.147539
20,112,1.145799
22,112,1.236482
24,112,1.168323
26,112,1.159717
28,112,1.17588
30,112,1.198511
32,112,1.14142
34,112,1.15325
36,112,1.161554
38,112,1.145151
40,112,1.160505
42,112,1.164457
44,112,1.145266
46,112,1.148889
48,112,1.147487
50,112,1.134431
52,112,1.15755
54,112,1.171682
56,112,1.173591
58,112,1.150569
60,112,1.142158
62,112,1.150373
64,112,1.158357
66,112,1.147648
68,112,1.147694
70,112,1.168362
72,112,1.153143
74,112,1.162244
76,112,1.143602
78,112,1.143582
80,112,1.184165
82,112,1.160592
84,112,1.132461
86,112,1.15024
88,110,1.167069
86,110,1.162801
84,110,1.192837
82,110,1.174564
80,110,1.19086
78,110,1.1759
76,110,1.156882
74,110,1.147665
72,110,1.188288
70,110,1.182156
68,110,1.188053
66,110,1.174885
64,110,1.165036
62,110,1.163516
60,110,1.168472
58,110,1.175891
56,110,1.161743
54,110,1.157927
52,110,1.157893
50,110,1.164809
48,110,1.149223
46,110,1.15067
44,110,1.164665
42,110,1.142039
40,110,1.135608
38,110,1.146137
36,110,1.186138
34,110,1.176307
32,110,1.140615
30,110,1.171585
28,110,1.254679
26,110,1.210297
24,110,1.178864
22,110,1.180291
20,110,1.193372
18,110,1.173848
16,110,1.162262
14,110,1.162015
12,110,1.156381
10,110,1.156289
8,110,1.145883
6,110,1.155753
4,110,1.163466
2,110,1.127204
0,110,1.135507
-2,110,1.159148
-4,110,1.142016
-6,110,1.129949
-8,110,1.14104
-10,110,1.154716
-12,110,1.149212
-14,110,1.139681
-16,110,1.139724
-18,110,1.153175
-20,110,1.150244
-22,110,1.133867
-24,110,1.148936
-26,110,1.151312
-28,110,1.170524
-30,110,1.162699
-32,110,1.156927
-34,110,1.196251
-36,110,1.139643
-38,110,1.173135
-40,110,1.141559
-42,110,1.149844
-44,110,1.165615
-46,110,1.152488
-48,110,1.130516
-50,110,1.139265
-52,110,1.167702
-54,110,1.116468
-56,110,1.178036
-58,110,1.172863
-60,110,1.13366
-62,110,1.141038
-64,110,1.161322
-66,110,1.163926
-68,110,1.142288
-70,110,1.172746
-72,110,1.151481
-74,110,1.164217
-76,110,1.160838
-78,110,1.147384
-80,110,1.147167
-82,110,1.159649
-84,110,1.151861
-86,110,1.140866
-88,110,1.135565
-92,108,1.136205
-90,108,1.13269
-88,108,1.137976
-86,108,1.141777
-84,108,1.143656
-82,108,1.164692
-80,108,1.176515
-78,108,1.158055
-76,108,1.146172
-74,108,1.149579
-72,108,1.130581
-70,108,1.128914
-68,108,1.167088
-66,108,1.241811
-64,108,1.161182
-62,108,1.154749
-60,108,1.158404
-58,108,1.137479
-56,108,1.153008
-54,108,1.168609
-52,108,1.164174
-50,108,1.155391
-48,108,1.14746
-46,108,1.14557
-44,108,1.156769
-42,108,1.168415
-40,108,1.16682
-38,108,1.16203
-36,108,1.149406
-34,108,1.164982
-32,108,1.166176
-30,108,1.150356
-28,108,1.156348
-26,108,1.173992
-24,108,1.169227
-22,108,1.15663
-20,108,1.165069
-18,108,1.173228
-16,108,1.170283
-14,108,1.160389
-12,108,1.17949
-10,108,1.162265
-8,108,1.242004
-6,108,1.185673
-4,108,1.190542
-2,108,1.152452
0,108,1.145618
2,108,1.141293
4,108,1.140669
6,108,1.14363
8,108,1.158776
10,108,1.145013
12,108,1.153899
14,108,1.147358
16,108,1.168002
18,108,1.16869
20,108,1.160167
22,108,1.150602
24,108,1.174275
26,108,1.181859
28,108,1.162698
30,108,1.166939
32,108,1.180363
34,108,1.162127
36,108,1.183151
38,108,1.171674
40,108,1.167837
42,108,1.181443
44,108,1.199498
46,108,1.192084
48,108,1.157772
50,108,1.2031
52,108,1.288293
54,108,1.135454
56,108,1.142448
58,108,1.135497
60,108,1.119219
62,108,1.143836
64,108,1.143622
66,108,1.148738
68,108,1.153962
70,108,1.141637
72,108,1.14293
74,108,1.147582
76,108,1.149168
78,108,1.180751
80,108,1.148895
82,108,1.154919
84,108,1.152585
86,108,1.151437
88,108,1.205397
90,108,1.149561
92,108,1.228145
94,106,1.186072
92,106,1.156914
90,106,1.177547
88,106,1.161451
86,106,1.146406
84,106,1.142271
82,106,1.158621
80,106,1.140634
78,106,1.152407
76,106,1.150501
74,106,1.137838
72,106,1.143977
70,106,1.145687
68,106,1.147058
66,106,1.155806
64,106,1.148995
62,106,1.141804
60,106,1.149718
58,106,1.14663
56,106,1.181585
54,106,1.166056
52,106,1.168195
50,106,1.247924
48,106,1.166622
46,106,1.170532
44,106,1.219797
42,106,1.178427
40,106,1.974508
38,106,1.972477
36,106,1.966948
34,106,1.975661
32,106,1.962635
30,106,1.95889
28,106,1.963153
26,106,1.962506
24,106,1.958728
22,106,1.961612
20,106,1.958302
18,106,1.968466
16,106,1.965695
14,106,1.96064
12,106,1.958708
10,106,1.950935
8,106,1.965973
6,106,1.946221
4,106,1.953823
2,106,1.952358
0,106,1.954611
-2,106,1.950266
-4,106,1.957904
-6,106,1.957217
-8,106,1.952844
-10,106,1.959919
-12,106,1.964763
-14,106,1.960293
-16,106,1.95509
-18,106,1.954641
-20,106,1.952059
-22,106,1.958483
-24,106,1.956674
-26,106,1.964121
-28,106,1.960265
-30,106,1.953862
-32,106,1.957558
-34,106,1.960988
-36,106,1.961562
-38,106,1.95817
-40,106,1.964862
-42,106,1.146524
-44,106,1.167398
-46,106,1.143163
-48,106,1.161705
-50,106,1.149715
-52,106,1.143684
-54,106,1.165574
-56,106,1.138328
-58,106,1.123355
-60,106,1.169336
-62,106,1.154852
-64,106,1.165061
-66,106,1.154833
-68,106,1.19682
-70,106,1.170825
-72,106,1.133396
-74,106,1.152617
-76,106,1.147614
-78,106,1.153404
-80,106,1.142563
-82,106,1.130578
-84,106,1.141162
-86,106,1.148547
-88,106,1.144921
-90,106,1.134804
-92,106,1.133213
-94,106,1.135849
-96,104,1.112147
-94,104,1.159281
-92,104,1.14987
-90,104,1.115426
-88,104,1.129365
-86,104,1.126342
-84,104,1.142864
-82,104,1.147813
-80,104,1.129435
-78,104,1.130076
-76,104,1.150234
-74,104,1.136055
-72,104,1.126963
-70,104,1.111052
-68,104,1.246626
-66,104,1.206453
-64,104,1.188498
-62,104,1.219707
-60,104,1.261812
-58,104,1.109499
-56,104,1.154825
-54,104,1.142587
-52,104,1.150652
-50,104,1.143648
-48,104,1.134665
-46,104,1.15273
-44,104,1.159049
-42,104,1.154156
-40,104,1.969106
-38,104,1.967048
-36,104,1.963305
-34,104,1.966018
-32,104,1.957494
-30,104,1.956813
-28,104,1.955799
-26,104,1.963318
-24,104,1.955506
-22,104,1.950251
-20,104,1.956605
-18,104,1.952489
-16,104,1.95331
-14,104,1.957131
-12,104,1.968028
-10,104,1.975074
-8,104,1.962417
-6,104,1.967735
-4,104,1.945802
-2,104,1.950761
0,104,1.953092
2,104,1.957016
4,104,1.960225
6,104,1.957328
8,104,1.956458
10,104,1.955839
12,104,1.965321
14,104,1.960948
16,104,1.972751
18,104,1.966839
20,104,1.955282
22,104,1.962199
24,104,1.962906
26,104,1.960874
28,104,1.970603
30,104,1.960807
32,104,1.962005
34,104,1.97614
36,104,1.973264
38,104,1.974143
40,104,1.977612
42,104,1.158094
44,104,1.180116
46,104,1.155173
48,104,1.158221
50,104,1.263585
52,104,1.171782
54,104,1.147746
56,104,1.132018
58,104,1.13157
60,104,1.133569
62,104,1.126096
64,104,1.142602
66,104,1.149513
68,104,1.165863
70,104,1.161744
72,104,1.157624
74,104,1.144137
76,104,1.164622
78,104,1.15511
80,104,1.161235
82,104,1.145124
84,104,1.170174
86,104,1.159217
88,104,1.153313
90,104,1.165373
92,104,1.184432
94,104,1.149802
96,104,1.152851
98,102,1.177517
96,102,1.138801
94,102,1.129467
92,102,1.134646
90,102,1.166235
88,102,1.168165
86,102,1.134642
84,102,1.164569
82,102,1.148198
80,102,1.181868
78,102,1.157765
76,102,1.164665
74,102,1.152747
72,102,1.167954
70,102,1.149443
68,102,1.144461
66,102,1.160761
64,102,1.129171
62,102,1.164648
60,102,1.156634
58,102,1.150979
56,102,1.17754
54,102,1.190473
52,102,1.159425
50,102,1.079578
48,102,1.219322
46,102,1.159983
44,102,1.16122
42,102,1.179773
40,102,1.9708
38,102,1.976932
36,102,1.971639
34,102,1.979263
32,102,1.962922
30,102,1.959299
28,102,1.972684
26,102,1.962255
24,102,1.956685
22,102,1.950922
20,102,1.959529
18,102,1.968157
16,102,1.968522
14,102,1.96377
12,102,1.965874
10,102,1.957271
8,102,1.956986
6,102,1.961177
4,102,1.962455
2,102,1.958977
0,102,1.956565
-2,102,1.94644
-4,102,1.950405
-6,102,1.962201
-8,102,1.965087
-10,102,1.965515
-12,102,1.967479
-14,102,1.959228
-16,102,1.957001
-18,102,1.958441
-20,102,1.964455
-22,102,1.957499
-24,102,1.949535
-26,102,1.964722
-28,102,1.957014
-30,102,1.95892
-32,102,1.961371
-34,102,1.961553
-36,102,1.96672
-38,102,1.972686
-40,102,1.9756
-42,102,1.150476
-44,102,1.148524
-46,102,1.154426
-48,102,1.153921
-50,102,1.164923
-52,102,1.153894
-54,102,1.182309
-56,102,1.14532
-58,102,1.143441
-60,102,1.151487
-62,102,1.098421
-64,102,1.160919
-66,102,1.174776
-68,102,1.200683
-70,102,1.157361
-72,102,1.146242
-74,102,1.152441
-76,102,1.160429
-78,102,1.163435
-80,102,1.128539
-82,102,1.13279
-84,102,1.139037
-86,102,1.149422
-88,102,1.142631
-90,102,1.105139
-92,102,1.100819
-94,102,1.144691
-96,102,1.114673
-98,102,1.113099
-100,100,1.152069
-98,100,1.126263
-96,100,1.118734
-94,100,1.149138
-92,100,1.096826
-90,100,1.111774
-88,100,1.12707
-86,100,1.141487
-84,100,1.134851
-82,100,1.139249
-80,100,1.139593
-78,100,1.127647
-76,100,1.136922
-74,100,1.161118
-72,100,1.14476
-70,100,1.140033
-68,100,1.208677
-66,100,1.173304
-64,100,1.238067
-62,100,1.129591
-60,100,1.15743
-58,100,1.146556
-56,100,1.153355
-54,100,1.152366
-52,100,1.156388
-50,100,1.169776
-48,100,1.15514
-46,100,1.152406
-44,100,1.141454
-42,100,1.147053
-40,100,1.973115
-38,100,1.973463
-36,100,1.966103
-34,100,1.960401
-32,100,1.965102
-30,100,1.950756
-28,100,1.962173
-26,100,1.955247
-24,100,1.948643
-22,100,1.960642
-20,100,1.959459
-18,100,1.956089
-16,100,1.953988
-14,100,1.957433
-12,100,1.964482
-10,100,1.962648
-8,100,1.959962
-6,100,1.963939
-4,100,1.948116
-2,100,1.955679
0,100,1.94954
2,100,1.959458
4,100,1.961197
6,100,1.96071
8,100,1.959989
10,100,1.956347
12,100,1.965023
14,100,1.968562
16,100,1.966785
18,100,1.963199
20,100,1.956186
22,100,1.952728
24,100,1.957381
26,100,1.964472
28,100,1.9593
30,100,1.951198
32,100,1.962892
34,100,1.977602
36,100,1.976586
38,100,1.974516
40,100,1.973136
42,100,1.195146
44,100,1.167021
46,100,1.15982
48,100,1.180925
50,100,1.145493
52,100,1.142265
54,100,1.152391
56,100,1.177798
58,100,1.139195
60,100,1.146831
62,100,1.163955
64,100,1.14738
66,100,1.152907
68,100,1.145442
70,100,1.158987
72,100,1.166628
74,100,1.145187
76,100,1.160291
78,100,1.162457
80,100,1.179207
82,100,1.170808
84,100,1.183907
86,100,1.152191
88,100,1.174943
90,100,1.158582
92,100,1.149553
94,100,1.162353
96,100,1.142948
98,100,1.201521
100,100,1.165478
102,98,1.177924
100,98,1.159752
98,98,1.165764
96,98,1.147845
94,98,1.146311
92,98,1.138451
90,98,1.148418
88,98,1.154732
86,98,1.155426
84,98,1.154716
82,98,1.167746
80,98,1.158433
78,98,1.15312
76,98,1.171701
74,98,1.148624
72,98,1.164657
70,98,1.159327
68,98,1.182056
66,98,1.151016
64,98,1.148959
62,98,1.162205
60,98,1.157039
58,98,1.146753
56,98,1.158511
54,98,1.15236
52,98,1.15933
50,98,1.135455
48,98,1.112461
46,98,1.220528
44,98,1.158991
42,98,1.151223
40,98,1.969201
38,98,1.973996
36,98,1.98005
34,98,1.978349
32,98,1.96199
30,98,1.959351
28,98,1.957981
26,98,1.968627
24,98,1.956468
22,98,1.956567
20,98,1.956213
18,98,1.963021
16,98,1.965465
14,98,1.966661
12,98,1.969029
10,98,1.958149
8,98,1.954149
6,98,1.964294
4,98,1.961983
2,98,1.95852
0,98,1.94954
-2,98,1.952221
-4,98,1.953466
-6,98,1.954981
-8,98,1.96251
-10,98,1.960329
-12,98,1.964897
-14,98,1.959022
-16,98,1.957441
-18,98,1.956786
-20,98,1.964142
-22,98,1.960397
-24,98,1.954504
-26,98,1.960702
-28,98,1.956279
-30,98,1.946489
-32,98,1.953556
-34,98,1.963679
-36,98,1.958661
-38,98,1.97775
-40,98,1.970805
-42,98,1.150864
-44,98,1.143741
-46,98,1.157591
-48,98,1.163081
-50,98,1.160605
-52,98,1.155821
-54,98,1.152551
-56,98,1.148777
-58,98,1.156575
-60,98,1.168663
-62,98,1.152386
-64,98,1.156763
-66,98,1.260985
-68,98,1.219629
-70,98,1.172218
-72,98,1.184464
-74,98,1.180543
-76,98,1.139593
-78,98,1.128678
-80,98,1.13259
-82,98,1.132936
-84,98,1.140711
-86,98,1.150084
-88,98,1.13583
-90,98,1.118404
-92,98,1.115199
-94,98,1.14119
-96,98,1.116721
-98,98,1.167139
-100,98,1.142932
-102,98,1.123375
-104,96,1.154071
-102,96,1.132232
-100,96,1.145239
-98,96,1.188371
-96,96,1.163637
-94,96,1.155911
-92,96,1.168648
-90,96,1.143522
-88,96,1.167907
-86,96,1.119508
-84,96,1.147443
-82,96,1.129423
-80,96,1.140084
-78,96,1.13288
-76,96,1.133528
-74,96,1.17573
-72,96,1.097437
-70,96,1.132532
-68,96,1.255787
-66,96,1.287117
-64,96,1.182502
-62,96,1.153453
-60,96,1.143601
-58,96,1.142396
-56,96,1.160483
-54,96,1.155929
-52,96,1.142632
-50,96,1.148592
-48,96,1.151046
-46,96,1.154388
-44,96,1.150892
-42,96,1.145612
-40,96,1.973979
-38,96,1.96953
-36,96,1.96049
-34,96,1.963362
-32,96,1.952146
-30,96,1.947205
-28,96,1.956085
-26,96,1.961339
-24,96,1.95784
-22,96,1.95692
-20,96,1.963402
-18,96,1.958846
-16,96,1.957652
-14,96,1.96003
-12,96,1.962244
-10,96,1.962993
-8,96,1.961088
-6,96,1.951008
-4,96,1.957845
-2,96,1.954444
0,96,1.952953
2,96,1.955824
4,96,1.958229
6,96,1.961417
8,96,1.951841
10,96,1.95662
12,96,1.968467
14,96,1.967791
16,96,1.966263
18,96,1.956556
20,96,1.956156
22,96,1.955638
24,96,1.961504
26,96,1.968164
28,96,1.962473
30,96,1.961381
32,96,1.964217
34,96,1.977286
36,96,1.977276
38,96,1.974055
40,96,1.973987
42,96,1.152277
44,96,1.166703
46,96,1.200804
48,96,1.136129
50,96,1.1502
52,96,1.151882
54,96,1.158566
56,96,1.177526
58,96,1.135867
60,96,1.154251
62,96,1.195958
64,96,1.144337
66,96,1.168773
68,96,1.13688
70,96,1.16083
72,96,1.169169
74,96,1.13501
76,96,1.163824
78,96,1.153009
80,96,1.19366
82,96,1.176579
84,96,1.182758
86,96,1.158917
88,96,1.156765
90,96,1.182489
92,96,1.17569
94,96,1.167751
96,96,1.148064
98,96,1.163833
100,96,1.18527
102,96,1.201217
104,96,1.171988
106,94,1.18256
104,94,1.15193
102,94,1.164367
100,94,1.163668
98,94,1.156689
96,94,1.158196
94,94,1.185978
92,94,1.127557
90,94,1.135426
88,94,1.141554
86,94,1.1494
84,94,1.134966
82,94,1.184072
80,94,1.161657
78,94,1.143973
76,94,1.189103
74,94,1.158609
72,94,1.144193
70,94,1.170791
68,94,1.126609
66,94,1.163442
64,94,1.164593
62,94,1.190517
60,94,1.162679
58,94,1.156111
56,94,1.159377
54,94,1.149658
52,94,1.179643
50,94,1.159943
48,94,1.136171
46,94,1.133083
44,94,1.24223
42,94,1.163651
40,94,1.965965
38,94,1.968741
36,94,1.967023
34,94,1.965848
32,94,1.970768
30,94,1.970697
28,94,1.965723
26,94,1.977478
24,94,1.968711
22,94,1.96945
20,94,1.963533
18,94,1.968761
16,94,1.972629
14,94,1.978278
12,94,1.978513
10,94,1.95784
8,94,1.967249
6,94,1.957889
4,94,1.965954
2,94,1.960181
0,94,1.957406
-2,94,1.950342
-4,94,1.953457
-6,94,1.96221
-8,94,1.967832
-10,94,1.966309
-12,94,1.976642
-14,94,1.964526
-16,94,1.968881
-18,94,1.969673
-20,94,1.971302
-22,94,1.967754
-24,94,1.974168
-26,94,1.969178
-28,94,1.968045
-30,94,1.959064
-32,94,1.960678
-34,94,1.955552
-36,94,1.95964
-38,94,1.96489
-40,94,1.96577
-42,94,1.149962
-44,94,1.156886
-46,94,1.170717
-48,94,1.170636
-50,94,1.153922
-52,94,1.164987
-54,94,1.134081
-56,94,1.16465
-58,94,1.173422
-60,94,1.172901
-62,94,1.166231
-64,94,1.167669
-66,94,1.162441
-68,94,1.212406
-70,94,1.212794
-72,94,1.265034
-74,94,1.144686
-76,94,1.12735
-78,94,1.125179
-80,94,1.134712
-82,94,1.136775
-84,94,1.133433
-86,94,1.148344
-88,94,1.150715
-90,94,1.134088
-92,94,1.126252
-94,94,1.149998
-96,94,1.151327
-98,94,1.180139
-100,94,1.14174
-102,94,1.14367
-104,94,1.1311
-106,94,1.132398
-108,92,1.129051
-106,92,1.126777
-104,92,1.17265
-102,92,1.146771
-100,92,1.151713
-98,92,1.159856
-96,92,1.149034
-94,92,1.146745
-92,92,1.151566
-90,92,1.141891
-88,92,1.148017
-86,92,1.14668
-84,92,1.15759
-82,92,1.145259
-80,92,1.144248
-78,92,1.157009
-76,92,1.152398
-74,92,1.131557
-72,92,1.183429
-70,92,1.134106
-68,92,1.15105
-66,92,1.151276
-64,92,1.153003
-62,92,1.159207
-60,92,1.157462
-58,92,1.157452
-56,92,1.152611
-54,92,1.149203
-52,92,1.159682
-50,92,1.134082
-48,92,1.153706
-46,92,1.155675
-44,92,1.16469
-42,92,1.153646
-40,92,1.9679
-38,92,1.963733
-36,92,1.962123
-34,92,1.961291
-32,92,1.961192
-30,92,1.960528
-28,92,1.96875
-26,92,1.972814
-24,92,1.976005
-22,92,1.967695
-20,92,1.976199
-18,92,1.974927
-16,92,1.972858
-14,92,1.973302
-12,92,1.976307
-10,92,1.967588
-8,92,1.976658
-6,92,1.96761
-4,92,1.960667
-2,92,1.954669
0,92,1.959868
2,92,1.96126
4,92,1.967593
6,92,1.967052
8,92,1.970319
10,92,1.968364
12,92,1.981989
14,92,1.984285
16,92,1.980156
18,92,1.977526
20,92,1.97799
22,92,1.963645
24,92,1.977153
26,92,1.977961
28,92,1.968124
30,92,1.969895
32,92,1.966023
34,92,1.972177
36,92,1.9682
38,92,1.971349
40,92,1.963524
42,92,1.163094
44,92,1.235883
46,92,1.143939
48,92,1.150115
50,92,1.163133
52,92,1.167302
54,92,1.168082
56,92,1.192649
58,92,1.155263
60,92,1.147175
62,92,1.15616
64,92,1.145729
66,92,1.15246
68,92,1.144099
70,92,1.158958
72,92,1.147815
74,92,1.164736
76,92,1.163938
78,92,1.147787
80,92,1.158805
82,92,1.151806
84,92,1.139581
86,92,1.14785
88,92,1.149128
90,92,1.14865
92,92,1.153362
94,92,1.163734
96,92,1.163954
98,92,1.179409
100,92,1.15741
102,92,1.141484
104,92,1.154773
106,92,1.180797
108,92,1.164896
108,90,1.169446
106,90,1.167191
104,90,1.16045
102,90,1.145475
100,90,1.156815
98,90,1.145076
96,90,1.165236
94,90,1.163562
92,90,1.162204
90,90,1.150595
88,90,1.143812
86,90,1.151863
84,90,1.149247
82,90,1.163988
80,90,1.151392
78,90,1.151353
76,90,1.152168
74,90,1.15556
72,90,1.15402
70,90,1.154608
68,90,1.148288
66,90,1.149083
64,90,1.151825
62,90,1.147683
60,90,1.142438
58,90,1.155427
56,90,1.156882
54,90,1.14626
52,90,1.154833
50,90,1.167874
48,90,1.176819
46,90,1.149437
44,90,1.140721
42,90,1.157037
40,90,1.965563
38,90,1.970027
36,90,1.970679
34,90,1.973855
32,90,1.96736
30,90,1.970385
28,90,1.976379
26,90,1.981799
24,90,1.977743
22,90,1.969919
20,90,1.98372
18,90,1.978841
16,90,1.980767
14,90,1.982275
12,90,1.982344
10,90,1.976603
8,90,1.974553
6,90,1.968319
4,90,1.968358
2,90,1.965612
0,90,1.958269
-2,90,1.958549
-4,90,1.965533
-6,90,1.975013
-8,90,1.972605
-10,90,1.973735
-12,90,1.979341
-14,90,1.976291
-16,90,1.978045
-18,90,1.977574
-20,90,1.974801
-22,90,1.969544
-24,90,1.978806
-26,90,1.972926
-28,90,1.964852
-30,90,1.954391
-32,90,1.951888
-34,90,1.963121
-36,90,1.957973
-38,90,1.96931
-40,90,1.954898
-42,90,1.154407
-44,90,1.157837
-46,90,1.140847
-48,90,1.132632
-50,90,1.150985
-52,90,1.150384
-54,90,1.137666
-56,90,1.159289
-58,90,1.164131
-60,90,1.160867
-62,90,1.147946
-64,90,1.157558
-66,90,1.144894
-68,90,1.126753
-70,90,1.136116
-72,90,1.120339
-74,90,1.080068
-76,90,1.135167
-78,90,1.140967
-80,90,1.147073
-82,90,1.118678
-84,90,1.143603
-86,90,1.136455
-88,90,1.163061
-90,90,1.157409
-92,90,1.153972
-94,90,1.171137
-96,90,1.146496
-98,90,1.165424
-100,90,1.157925
-102,90,1.135824
-104,90,1.141026
-106,90,1.152678
-108,90,1.142509
-110,88,1.145299
-108,88,1.129289
-106,88,1.141471
-104,88,1.141371
-102,88,1.149293
-100,88,1.140504
-98,88,1.15685
-96,88,1.150087
-94,88,1.16021
-92,88,1.136966
-90,88,1.166764
-88,88,1.137861
-86,88,1.142671
-84,88,1.145358
-82,88,1.154211
-80,88,1.135124
-78,88,1.154232
-76,88,1.157887
-74,88,1.152145
-72,88,1.153042
-70,88,1.163005
-68,88,1.147713
-66,88,1.148918
-64,88,1.143945
-62,88,1.140769
-60,88,1.159524
-58,88,1.152322
-56,88,1.16075
-54,88,1.16739
-52,88,1.160076
-50,88,1.155635
-48,88,1.145178
-46,88,1.146203
-44,88,1.166973
-42,88,1.157876
-40,88,1.962744
-38,88,1.967867
-36,88,1.966386
-34,88,1.964218
-32,88,1.962481
-30,88,1.960071
-28,88,1.963764
-26,88,1.973595
-24,88,1.97991
-22,88,1.970211
-20,88,1.976927
-18,88,1.981254
-16,88,1.982485
-14,88,1.980857
-12,88,1.978415
-10,88,1.971329
-8,88,1.976241
-6,88,1.975947
-4,88,1.971652
-2,88,1.96511
0,88,1.955228
2,88,1.971577
4,88,1.969343
6,88,1.967216
8,88,1.976631
10,88,1.98376
12,88,1.984885
14,88,1.990116
16,88,1.980902
18,88,1.982404
20,88,1.982625
22,88,1.985308
24,88,1.97612
26,88,1.987152
28,88,1.977184
30,88,1.97397
32,88,1.971183
34,88,1.96747
36,88,1.970876
38,88,1.968709
40,88,1.973551
42,88,1.182169
44,88,1.170156
46,88,1.152044
48,88,1.161462
50,88,1.158137
52,88,1.157743
54,88,1.175922
56,88,1.149538
58,88,1.149583
60,88,1.162654
62,88,1.150099
64,88,1.138193
66,88,1.158409
68,88,1.157605
70,88,1.159409
72,88,1.165734
74,88,1.141216
76,88,1.155356
78,88,1.163177
80,88,1.161031
82,88,1.151057
84,88,1.133374
86,88,1.165057
88,88,1.168367
90,88,1.149323
92,88,1.175215
94,88,1.167455
96,88,1.154694
98,88,1.163172
100,88,1.14894
102,88,1.151294
104,88,1.166444
106,88,1.165202
108,88,1.170459
110,88,1.164262
112,86,1.172014
110,86,1.17409
108,86,1.168164
106,86,1.155384
104,86,1.152968
102,86,1.168209
100,86,1.15222
98,86,1.147835
96,86,1.155898
94,86,1.171841
92,86,1.157062
90,86,1.156585
88,86,1.150172
86,86,1.151763
84,86,1.160399
82,86,1.167505
80,86,1.164767
78,86,1.143825
76,86,1.148674
74,86,1.145864
72,86,1.158776
70,86,1.155671
68,86,1.154614
66,86,1.156776
64,86,1.155554
62,86,1.151882
60,86,1.149268
58,86,1.148804
56,86,1.164737
54,86,1.170861
52,86,1.155074
50,86,1.160472
48,86,1.165723
46,86,1.150493
44,86,1.161065
42,86,1.18145
40,86,1.965293
38,86,1.971773
36,86,1.971175
34,86,1.970242
32,86,1.966823
30,86,1.980022
28,86,1.981692
26,86,1.986216
24,86,1.979447
22,86,1.984691
20,86,1.987579
18,86,1.9849
16,86,1.984531
14,86,1.992172
12,86,1.987249
10,86,1.984676
8,86,1.981319
6,86,1.969333
4,86,1.973565
2,86,1.977713
0,86,1.959052
-2,86,1.973359
-4,86,1.976301
-6,86,1.983814
-8,86,1.97892
-10,86,1.97619
-12,86,1.980829
-14,86,1.988031
-16,86,1.986569
-18,86,1.982917
-20,86,1.974147
-22,86,1.972329
-24,86,1.983826
-26,86,1.977167
-28,86,1.967112
-30,86,1.960848
-32,86,1.963925
-34,86,1.960166
-36,86,1.962688
-38,86,1.962581
-40,86,1.961326
-42,86,1.155564
-44,86,1.1594
-46,86,1.150372
-48,86,1.145702
-50,86,1.14809
-52,86,1.14891
-54,86,1.168971
-56,86,1.169863
-58,86,1.156917
-60,86,1.153864
-62,86,1.153067
-64,86,1.15653
-66,86,1.14963
-68,86,1.138871
-70,86,1.151173
-72,86,1.150026
-74,86,1.145117
-76,86,1.143203
-78,86,1.144801
-80,86,1.134576
-82,86,1.131396
-84,86,1.145515
-86,86,1.150168
-88,86,1.117556
-90,86,1.155792
-92,86,1.148539
-94,86,1.144111
-96,86,1.150806
-98,86,1.144497
-100,86,1.144303
-102,86,1.13392
-104,86,1.151668
-106,86,1.152109
-108,86,1.147356
-110,86,1.153253
-112,86,1.143426
-114,84,1.136755
-112,84,1.125904
-110,84,1.145019
-108,84,1.155816
-106,84,1.160996
-104,84,1.159785
-102,84,1.135734
-100,84,1.139559
-98,84,1.126739
-96,84,1.14523
-94,84,1.140461
-92,84,1.144174
-90,84,1.150889
-88,84,1.136709
-86,84,1.144149
-84,84,1.146948
-82,84,1.154826
-80,84,1.13199
-78,84,1.135884
-76,84,1.155679
-74,84,1.147668
-72,84,1.156875
-70,84,1.148778
-68,84,1.150502
-66,84,1.146039
-64,84,1.156644
-62,84,1.15201
-60,84,1.151012
-58,84,1.152333
-56,84,1.162003
-54,84,1.175363
-52,84,1.150412
-50,84,1.144469
-48,84,1.125823
-46,84,1.120867
-44,84,1.145495
-42,84,1.151937
-40,84,1.962558
-38,84,1.968412
-36,84,1.958448
-34,84,1.962406
-32,84,1.963697
-30,84,1.957495
-28,84,1.972286
-26,84,1.976948
-24,84,1.983976
-22,84,1.973587
-20,84,1.975399
-18,84,1.978856
-16,84,1.994855
-14,84,1.988522
-12,84,1.9798
-10,84,1.974638
-8,84,1.971665
-6,84,1.980652
-4,84,1.970913
-2,84,1.979326
0,84,1.958246
2,84,1.979902
4,84,1.968045
6,84,1.973005
8,84,1.978604
10,84,1.975698
12,84,1.987998
14,84,2.001151
16,84,1.983989
18,84,1.981007
20,84,1.987536
22,84,1.983211
24,84,1.981606
26,84,1.990127
28,84,1.985358
30,84,1.984265
32,84,1.967794
34,84,1.96729
36,84,1.972537
38,84,1.967017
40,84,1.967239
42,84,1.149105
44,84,1.153418
46,84,1.167903
48,84,1.163955
50,84,1.16423
52,84,1.154915
54,84,1.146369
56,84,1.152504
58,84,1.170807
60,84,1.153214
62,84,1.152418
64,84,1.156388
66,84,1.164093
68,84,1.183478
70,84,1.15143
72,84,1.155966
74,84,1.143652
76,84,1.150587
78,84,1.145262
80,84,1.155909
82,84,1.167711
84,84,1.15681
86,84,1.155508
88,84,1.143754
90,84,1.151336
92,84,1.152017
94,84,1.1629
96,84,1.147686
98,84,1.15582
100,84,1.156116
102,84,1.173656
104,84,1.160877
106,84,1.094763
108,84,1.118352
110,84,1.164997
112,84,1.161465
114,84,1.151737
114,82,1.154183
112,82,1.148538
110,82,1.162237
108,82,1.129312
106,82,1.14748
104,82,1.107558
102,82,1.189435
100,82,1.165692
98,82,1.150374
96,82,1.168393
94,82,1.158303
92,82,1.178324
90,82,1.167129
88,82,1.146687
86,82,1.167595
84,82,1.162808
82,82,1.16334
80,82,1.159505
78,82,1.162538
76,82,1.152839
74,82,1.145565
72,82,1.189573
70,82,1.146897
68,82,1.156001
66,82,1.187326
64,82,1.142319
62,82,1.137073
60,82,1.140371
58,82,1.172555
56,82,1.138119
54,82,1.142223
52,82,1.171114
50,82,1.198382
48,82,1.170275
46,82,1.15216
44,82,1.14479
42,82,1.168277
40,82,1.969357
38,82,1.969529
36,82,1.974597
34,82,1.967817
32,82,1.970626
30,82,1.986048
28,82,1.99018
26,82,1.992418
24,82,1.983755
22,82,1.986709
20,82,1.993718
18,82,2.009181
16,82,1.993775
14,82,1.984234
12,82,1.993818
10,82,1.974589
8,82,1.9862
6,82,1.980834
4,82,1.971373
2,82,1.982811
0,82,1.961349
-2,82,1.966031
-4,82,1.985255
-6,82,1.979361
-8,82,1.981459
-10,82,1.973576
-12,82,1.98175
-14,82,1.991926
-16,82,1.986876
-18,82,1.988277
-20,82,2.004626
-22,82,1.973827
-24,82,1.987173
-26,82,1.981406
-28,82,1.971835
-30,82,1.961796
-32,82,1.963705
-34,82,1.965735
-36,82,1.96089
-38,82,1.961943
-40,82,1.96103
-42,82,1.155704
-44,82,1.156582
-46,82,1.17484
-48,82,1.133861
-50,82,1.142883
-52,82,1.151918
-54,82,1.149748
-56,82,1.166078
-58,82,1.158575
-60,82,1.150712
-62,82,1.138313
-64,82,1.139797
-66,82,1.119932
-68,82,1.146699
-70,82,1.134869
-72,82,1.155076
-74,82,1.149554
-76,82,1.147395
-78,82,1.150884
-80,82,1.14744
-82,82,1.144103
-84,82,1.179207
-86,82,1.136071
-88,82,1.150589
-90,82,1.14597
-92,82,1.160414
-94,82,1.144244
-96,82,1.139728
-98,82,1.157768
-100,82,1.148471
-102,82,1.143386
-104,82,1.153557
-106,82,1.146957
-108,82,1.14073
-110,82,1.164609
-112,82,1.140475
-114,82,1.143492
-116,80,1.135957
-114,80,1.158596
-112,80,1.135219
-110,80,1.142205
-108,80,1.135188
-106,80,1.148824
-104,80,1.162427
-102,80,1.170328
-100,80,1.162852
-98,80,1.143305
-96,80,1.142813
-94,80,1.138118
-92,80,1.141445
-90,80,1.140144
-88,80,1.173654
-86,80,1.138771
-84,80,1.136839
-82,80,1.162161
-80,80,1.151185
-78,80,1.156364
-76,80,1.152438
-74,80,1.144052
-72,80,1.157109
-70,80,1.154982
-68,80,1.169618
-66,80,1.179011
-64,80,1.161328
-62,80,1.131077
-60,80,1.144684
-58,80,1.140695
-56,80,1.153925
-54,80,1.166756
-52,80,1.155793
-50,80,1.146283
-48,80,1.139228
-46,80,1.128555
-44,80,1.14189
-42,80,1.156617
-40,80,1.959305
-38,80,1.961571
-36,80,1.962829
-34,80,1.960381
-32,80,1.962638
-30,80,1.966625
-28,80,1.971813
-26,80,1.972424
-24,80,1.975732
-22,80,1.984589
-20,80,1.99098
-18,80,1.98475
-16,80,1.985351
-14,80,1.994736
-12,80,1.990553
-10,80,1.997536
-8,80,1.986024
-6,80,1.976714
-4,80,1.978374
-2,80,1.97772
0,80,1.964815
2,80,1.985588
4,80,1.961221
6,80,1.985443
8,80,1.992463
10,80,1.984128
12,80,1.995186
14,80,1.998099
16,80,1.993073
18,80,1.985435
20,80,1.984915
22,80,1.9881
24,80,1.978718
26,80,1.981624
28,80,1.973305
30,80,1.987971
32,80,1.970427
34,80,1.966067
36,80,1.970331
38,80,1.970685
40,80,1.971672
42,80,1.174782
44,80,1.154567
46,80,1.155247
48,80,1.144776
50,80,1.170953
52,80,1.136035
54,80,1.150596
56,80,1.130395
58,80,1.13848
60,80,1.147026
62,80,1.145643
64,80,1.139836
66,80,1.176765
68,80,1.143289
70,80,1.162831
72,80,1.161588
74,80,1.158806
76,80,1.153697
78,80,1.15291
80,80,1.15966
82,80,1.156495
84,80,1.161772
86,80,1.177746
88,80,1.173632
90,80,1.168581
92,80,1.163972
94,80,1.172762
96,80,1.157191
98,80,1.164646
100,80,1.170409
102,80,1.262077
104,80,1.260869
106,80,1.263137
108,80,1.199506
110,80,1.162456
112,80,1.148606
114,80,1.153668
116,80,1.190877
118,78,1.17052
116,78,1.156899
114,78,1.141691
112,78,1.15063
110,78,1.150423
108,78,1.149022
106,78,1.137101
104,78,1.28273
102,78,1.24692
100,78,1.245591
98,78,1.161331
96,78,1.165915
94,78,1.166983
92,78,1.174022
90,78,1.158646
88,78,1.165064
86,78,1.165237
84,78,1.151158
82,78,1.168862
80,78,1.162341
78,78,1.160847
76,78,1.159994
74,78,1.147697
72,78,1.159724
70,78,1.155133
68,78,1.136782
66,78,1.157885
64,78,1.152877
62,78,1.158482
60,78,1.156043
58,78,1.154836
56,78,1.157396
54,78,1.137105
52,78,1.142168
50,78,1.133041
48,78,1.157918
46,78,1.165304
44,78,1.146279
42,78,1.145246
40,78,1.971627
38,78,1.973217
36,78,1.970865
34,78,1.973859
32,78,1.974924
30,78,1.978917
28,78,1.979199
26,78,1.981353
24,78,1.987393
22,78,1.977979
20,78,1.996957
18,78,1.983579
16,78,1.988387
14,78,1.982373
12,78,1.9884
10,78,1.98674
8,78,1.997199
6,78,1.993032
4,78,1.969736
2,78,1.981546
0,78,1.965949
-2,78,1.980736
-4,78,1.971883
-6,78,1.979109
-8,78,2.004768
-10,78,1.98984
-12,78,2.002561
-14,78,1.981703
-16,78,1.98343
-18,78,1.983801
-20,78,1.982231
-22,78,1.979237
-24,78,1.973835
-26,78,1.96497
-28,78,1.980059
-30,78,1.964384
-32,78,1.96173
-34,78,1.957947
-36,78,1.959623
-38,78,1.958409
-40,78,1.964983
-42,78,1.153707
-44,78,1.153095
-46,78,1.155961
-48,78,1.13753
-50,78,1.150084
-52,78,1.170466
-54,78,1.153324
-56,78,1.162219
-58,78,1.159056
-60,78,1.142227
-62,78,1.144552
-64,78,1.156066
-66,78,1.153724
-68,78,1.14752
-70,78,1.151071
-72,78,1.134566
-74,78,1.141417
-76,78,1.157748
-78,78,1.14081
-80,78,1.149485
-82,78,1.153785
-84,78,1.145834
-86,78,1.155348
-88,78,1.136047
-90,78,1.132499
-92,78,1.138168
-94,78,1.16418
-96,78,1.141989
-98,78,1.149782
-100,78,1.142648
-102,78,1.185777
-104,78,1.145484
-106,78,1.146378
-108,78,1.143617
-110,78,1.146273
-112,78,1.150941
-114,78,1.148726
-116,78,1.133291
-118,78,1.144255
-118,76,1.130988
-116,76,1.157191
-114,76,1.154128
-112,76,1.159235
-110,76,1.158911
-108,76,1.134759
-106,76,1.14901
-104,76,1.14881
-102,76,1.14055
-100,76,1.139981
-98,76,1.140346
-96,76,1.1632
-94,76,1.135476
-92,76,1.151997
-90,76,1.12989
-88,76,1.13864
-86,76,1.148038
-84,76,1.144492
-82,76,1.130849
-80,76,1.155084
-78,76,1.147096
-76,76,1.134496
-74,76,1.131615
-72,76,1.134955
-70,76,1.158249
-68,76,1.13743
-66,76,1.155101
-64,76,1.155368
-62,76,1.14517
-60,76,1.127542
-58,76,1.148803
-56,76,1.163096
-54,76,1.150041
-52,76,1.14609
-50,76,1.113542
-48,76,1.139433
-46,76,1.150922
-44,76,1.148175
-42,76,1.153225
-40,76,1.957858
-38,76,1.955173
-36,76,1.970744
-34,76,1.972603
-32,76,1.962976
-30,76,1.967014
-28,76,1.994702
-26,76,1.980408
-24,76,1.976555
-22,76,1.984613
-20,76,1.986188
-18,76,1.983912
-16,76,1.979993
-14,76,1.992108
-12,76,1.986874
-10,76,1.973762
-8,76,1.978292
-6,76,1.970575
-4,76,1.968636
-2,76,1.978132
0,76,1.955549
2,76,1.979531
4,76,1.971415
6,76,1.976119
8,76,1.973998
10,76,1.995006
12,76,1.977373
14,76,1.981922
16,76,1.989145
18,76,2.001067
20,76,1.999213
22,76,1.97603
24,76,1.986578
26,76,1.986722
28,76,1.978687
30,76,1.965957
32,76,1.979572
34,76,1.959619
36,76,1.988978
38,76,1.981525
40,76,1.97644
42,76,1.148828
44,76,1.167637
46,76,1.160631
48,76,1.152063
50,76,1.15305
52,76,1.150676
54,76,1.142894
56,76,1.161193
58,76,1.161245
60,76,1.141512
62,76,1.178849
64,76,1.150298
66,76,1.153522
68,76,1.155233
70,76,1.156677
72,76,1.162206
74,76,1.142241
76,76,1.15792
78,76,1.159237
80,76,1.168006
82,76,1.158201
84,76,1.145635
86,76,1.170809
88,76,1.138014
90,76,1.169781
92,76,1.188755
94,76,1.166284
96,76,1.157809
98,76,1.249165
100,76,1.182725
102,76,1.204449
104,76,1.250337
106,76,1.138397
108,76,1.150064
110,76,1.147144
112,76,1.134053
114,76,1.142639
116,76,1.152224
118,76,1.151325
120,74,1.162062
118,74,1.16742
116,74,1.169715
114,74,1.148107
112,74,1.131672
110,74,1.136688
108,74,1.172022
106,74,1.184251
104,74,1.12148
102,74,1.24792
100,74,1.2014
98,74,1.183287
96,74,1.177667
94,74,1.164872
92,74,1.158898
90,74,1.16815
88,74,1.151424
86,74,1.167402
84,74,1.14784
82,74,1.140484
80,74,1.150732
78,74,1.154052
76,74,1.153493
74,74,1.160226
72,74,1.170006
70,74,1.143643
68,74,1.172581
66,74,1.136799
64,74,1.154745
62,74,1.145543
60,74,1.159293
58,74,1.153166
56,74,1.155986
54,74,1.146728
52,74,1.149831
50,74,1.157025
48,74,1.151289
46,74,1.154555
44,74,1.158735
42,74,1.159838
40,74,1.970011
38,74,1.984593
36,74,1.97135
34,74,1.959915
32,74,1.967886
30,74,1.965141
28,74,1.973605
26,74,1.974788
24,74,1.981454
22,74,1.970102
20,74,2.004303
18,74,1.990463
16,74,1.993353
14,74,1.994573
12,74,1.983695
10,74,1.976206
8,74,1.973701
6,74,1.979859
4,74,1.963807
2,74,1.988874
0,74,1.975266
-2,74,1.972219
-4,74,1.966424
-6,74,1.982995
-8,74,1.976483
-10,74,1.977374
-12,74,1.986367
-14,74,1.983119
-16,74,1.994985
-18,74,2.002683
-20,74,1.968353
-22,74,1.983184
-24,74,1.970962
-26,74,1.965583
-28,74,1.972464
-30,74,1.970776
-32,74,1.954158
-34,74,1.960011
-36,74,1.958933
-38,74,1.966033
-40,74,1.951861
-42,74,1.153424
-44,74,1.150221
-46,74,1.14438
-48,74,1.147429
-50,74,1.140443
-52,74,1.158279
-54,74,1.167235
-56,74,1.159088
-58,74,1.155253
-60,74,1.149976
-62,74,1.144305
-64,74,1.146565
-66,74,1.139363
-68,74,1.131171
-70,74,1.140202
-72,74,1.144895
-74,74,1.152402
-76,74,1.124727
-78,74,1.145903
-80,74,1.141409
-82,74,1.148068
-84,74,1.160368
-86,74,1.1428
-88,74,1.129647
-90,74,1.144572
-92,74,1.140616
-94,74,1.153814
-96,74,1.14717
-98,74,1.172836
-100,74,1.118502
-102,74,1.134368
-104,74,1.134294
-106,74,1.155839
-108,74,1.142026
-110,74,1.165938
-112,74,1.146521
-114,74,1.154501
-116,74,1.147172
-118,74,1.127465
-120,74,1.136658
-122,72,1.152382
-120,72,1.183236
-118,72,1.120009
-116,72,1.152693
-114,72,1.153871
-112,72,1.142685
-110,72,1.14235
-108,72,1.144162
-106,72,1.150373
-104,72,1.129984
-102,72,1.151159
-100,72,1.155926
-98,72,1.150716
-96,72,1.155017
-94,72,1.134803
-92,72,1.147372
-90,72,1.125717
-88,72,1.138121
-86,72,1.135699
-84,72,1.143989
-82,72,1.143169
-80,72,1.146855
-78,72,1.138373
-76,72,1.131122
-74,72,1.141864
-72,72,1.134678
-70,72,1.150904
-68,72,1.14928
-66,72,1.130025
-64,72,1.144487
-62,72,1.14881
-60,72,1.160262
-58,72,1.145683
-56,72,1.165095
-54,72,1.124763
-52,72,1.155015
-50,72,1.15222
-48,72,1.136998
-46,72,1.130158
-44,72,1.148103
-42,72,1.165396
-40,72,1.961919
-38,72,1.950756
-36,72,1.953414
-34,72,1.961454
-32,72,1.95504
-30,72,1.965504
-28,72,1.965542
-26,72,1.980943
-24,72,1.962896
-22,72,1.970773
-20,72,1.979647
-18,72,1.968353
-16,72,1.973167
-14,72,1.978926
-12,72,1.983032
-10,72,1.976304
-8,72,1.972838
-6,72,1.976787
-4,72,1.969771
-2,72,1.967379
0,72,1.976447
2,72,1.977685
4,72,1.969548
6,72,1.978244
8,72,1.977499
10,72,1.972343
12,72,1.979929
14,72,1.993272
16,72,1.987435
18,72,1.981365
20,72,1.992631
22,72,1.989211
24,72,1.972699
26,72,1.988142
28,72,1.971671
30,72,1.96713
32,72,1.962059
34,72,1.977503
36,72,1.968845
38,72,1.972485
40,72,1.968977
42,72,1.167367
44,72,1.160393
46,72,1.146399
48,72,1.155567
50,72,1.164392
52,72,1.154147
54,72,1.151149
56,72,1.183599
58,72,1.158928
60,72,1.15595
62,72,1.14762
64,72,1.147825
66,72,1.151797
68,72,1.184655
70,72,1.153726
72,72,1.142226
74,72,1.15176
76,72,1.149481
78,72,1.153357
80,72,1.142945
82,72,1.151892
84,72,1.156417
86,72,1.171497
88,72,1.149489
90,72,1.138477
92,72,1.160118
94,72,1.152088
96,72,1.234127
98,72,1.164247
100,72,1.153814
102,72,1.224271
104,72,1.302757
106,72,1.163545
108,72,1.164536
110,72,1.157044
112,72,1.152365
114,72,1.152
116,72,1.154737
118,72,1.167722
120,72,1.16309
122,72,1.196478
122,70,1.163528
120,70,1.164223
118,70,1.150575
116,70,1.188051
114,70,1.145854
112,70,1.1762
110,70,1.177296
108,70,1.160826
106,70,1.168043
104,70,1.120688
102,70,1.224095
100,70,1.198248
98,70,1.157754
96,70,1.162835
94,70,1.193752
92,70,1.155211
90,70,1.174027
88,70,1.138328
86,70,1.149299
84,70,1.160986
82,70,1.153005
80,70,1.175323
78,70,1.152226
76,70,1.145218
74,70,1.149667
72,70,1.151614
70,70,1.142809
68,70,1.147645
66,70,1.149977
64,70,1.160547
62,70,1.141785
60,70,1.162547
58,70,1.150619
56,70,1.154535
54,70,1.164763
52,70,1.149572
50,70,1.159203
48,70,1.139673
46,70,1.13302
44,70,1.150703
42,70,1.139851
40,70,1.959408
38,70,1.987741
36,70,1.963128
34,70,1.966584
32,70,1.960671
30,70,1.971824
28,70,1.979436
26,70,1.964419
24,70,1.973326
22,70,1.984397
20,70,1.989683
18,70,1.979248
16,70,1.984399
14,70,1.988031
12,70,1.982196
10,70,1.967713
8,70,1.974552
6,70,1.975126
4,70,1.974529
2,70,1.97827
0,70,1.976573
-2,70,1.973507
-4,70,1.972326
-6,70,1.969332
-8,70,1.971543
-10,70,1.971763
-12,70,1.973907
-14,70,1.975967
-16,70,1.971293
-18,70,1.96969
-20,70,1.979489
-22,70,1.979219
-24,70,1.98109
-26,70,1.975935
-28,70,1.961193
-30,70,1.960668
-32,70,1.963246
-34,70,1.961644
-36,70,1.955669
-38,70,1.957944
-40,70,1.953903
-42,70,1.145115
-44,70,1.14026
-46,70,1.146717
-48,70,1.155485
-50,70,1.139623
-52,70,1.150139
-54,70,1.127658
-56,70,1.171174
-58,70,1.126927
-60,70,1.156729
-62,70,1.156208
-64,70,1.16515
-66,70,1.14395
-68,70,1.132622
-70,70,1.140142
-72,70,1.144056
-74,70,1.128742
-76,70,1.142468
-78,70,1.156074
-80,70,1.137701
-82,70,1.146961
-84,70,1.149503
-86,70,1.159175
-88,70,1.145014
-90,70,1.136717
-92,70,1.145078
-94,70,1.152234
-96,70,1.148968
-98,70,1.135723
-100,70,1.155808
-102,70,1.160419
-104,70,1.146811
-106,70,1.137921
-108,70,1.1366
-110,70,1.152859
-112,70,1.147288
-114,70,1.168912
-116,70,1.156525
-118,70,1.131968
-120,70,1.148148
-122,70,1.122395
-124,68,1.154564
-122,68,1.148783
-120,68,1.148063
-118,68,1.137219
-116,68,1.155364
-114,68,1.158814
-112,68,1.169321
-110,68,1.162096
-108,68,1.155115
-106,68,1.131293
-104,68,1.145763
-102,68,1.178326
-100,68,1.156778
-98,68,1.141225
-96,68,1.13761
-94,68,1.153396
-92,68,1.173511
-90,68,1.151528
-88,68,1.179398
-86,68,1.155869
-84,68,1.151935
-82,68,1.161072
-80,68,1.152193
-78,68,1.155188
-76,68,1.145183
-74,68,1.144721
-72,68,1.146776
-70,68,1.151636
-68,68,1.152379
-66,68,1.136164
-64,68,1.135816
-62,68,1.161442
-60,68,1.166785
-58,68,1.239639
-56,68,1.270414
-54,68,1.099517
-52,68,1.154189
-50,68,1.134271
-48,68,1.156111
-46,68,1.157317
-44,68,1.166051
-42,68,1.128007
-40,68,1.972583
-38,68,1.976752
-36,68,1.960834
-34,68,1.973718
-32,68,1.952262
-30,68,1.944004
-28,68,1.957432
-26,68,1.961873
-24,68,1.96255
-22,68,1.961916
-20,68,1.967206
-18,68,1.968697
-16,68,1.960821
-14,68,1.966972
-12,68,1.959063
-10,68,1.959924
-8,68,1.959578
-6,68,1.958474
-4,68,1.96338
-2,68,1.965646
0,68,1.963141
2,68,1.96898
4,68,1.966357
6,68,1.966621
8,68,1.960951
10,68,1.957536
12,68,1.969144
14,68,1.978994
16,68,1.973729
18,68,1.972183
20,68,1.973956
22,68,1.970849
24,68,1.964246
26,68,1.957211
28,68,1.967366
30,68,1.962876
32,68,1.959655
34,68,1.962409
36,68,1.972337
38,68,1.965961
40,68,1.98062
42,68,1.123991
44,68,1.177074
46,68,1.147581
48,68,1.195604
50,68,1.174483
52,68,1.163989
54,68,1.167429
56,68,1.180016
58,68,1.163012
60,68,1.151746
62,68,1.147492
64,68,1.15628
66,68,1.168962
68,68,1.153472
70,68,1.14053
72,68,1.145352
74,68,1.157394
76,68,1.171756
78,68,1.146836
80,68,1.161755
82,68,1.140722
84,68,1.145548
86,68,1.165217
88,68,1.186871
90,68,1.210613
92,68,1.254197
94,68,1.173015
96,68,1.158438
98,68,1.163955
100,68,1.203952
102,68,1.136096
104,68,1.18356
106,68,1.165093
108,68,1.148404
110,68,1.146622
112,68,1.135182
114,68,1.139356
116,68,1.146793
118,68,1.146807
120,68,1.161227
122,68,1.165135
124,68,1.154281
124,66,1.166968
122,66,1.148709
120,66,1.168327
118,66,1.160935
116,66,1.169102
114,66,1.145009
112,66,1.152392
110,66,1.168966
108,66,1.146554
106,66,1.153988
104,66,1.151891
102,66,1.157064
100,66,1.14232
98,66,1.231118
96,66,1.173181
94,66,1.148164
92,66,1.168899
90,66,1.250264
88,66,1.167706
86,66,1.154098
84,66,1.155311
82,66,1.161218
80,66,1.145796
78,66,1.143168
76,66,1.137483
74,66,1.152165
72,66,1.157664
70,66,1.133678
68,66,1.146927
66,66,1.147511
64,66,1.152343
62,66,1.153619
60,66,1.14366
58,66,1.156246
56,66,1.197221
54,66,1.18077
52,66,1.165783
50,66,1.168491
48,66,1.15462
46,66,1.160276
44,66,1.126957
42,66,1.156614
40,66,1.969941
38,66,1.968591
36,66,1.967816
34,66,1.966666
32,66,1.957429
30,66,1.961166
28,66,1.965573
26,66,1.959508
24,66,1.959334
22,66,1.972216
20,66,1.965932
18,66,1.96866
16,66,1.963709
14,66,1.977669
12,66,1.966882
10,66,1.952652
8,66,1.957435
6,66,1.966502
4,66,1.969965
2,66,1.97057
0,66,1.964852
-2,66,1.969169
-4,66,1.962537
-6,66,1.952572
-8,66,1.952361
-10,66,1.962222
-12,66,1.955367
-14,66,1.965443
-16,66,1.957083
-18,66,1.962889
-20,66,1.960194
-22,66,1.961064
-24,66,1.959715
-26,66,1.959919
-28,66,1.953048
-30,66,1.949606
-32,66,1.953919
-34,66,1.966062
-36,66,1.960892
-38,66,1.961806
-40,66,1.956547
-42,66,1.146374
-44,66,1.157927
-46,66,1.159169
-48,66,1.172095
-50,66,1.169454
-52,66,1.135081
-54,66,1.166591
-56,66,1.134831
-58,66,1.276872
-60,66,1.258168
-62,66,1.197525
-64,66,1.137281
-66,66,1.135563
-68,66,1.138965
-70,66,1.149412
-72,66,1.16845
-74,66,1.143791
-76,66,1.125072
-78,66,1.132337
-80,66,1.150653
-82,66,1.17547
-84,66,1.152673
-86,66,1.134835
-88,66,1.130927
-90,66,1.166648
-92,66,1.178984
-94,66,1.140991
-96,66,1.129013
-98,66,1.137356
-100,66,1.129186
-102,66,1.154755
-104,66,1.140647
-106,66,1.14465
-108,66,1.112943
-110,66,1.180583
-112,66,1.141495
-114,66,1.13955
-116,66,1.149406
-118,66,1.130919
-120,66,1.128358
-122,66,1.12729
-124,66,1.136975
-126,64,1.158288
-124,64,1.13737
-122,64,1.162021
-120,64,1.159353
-118,64,1.159676
-116,64,1.172589
-114,64,1.142666
-112,64,1.153845
-110,64,1.163009
-108,64,1.121186
-106,64,1.14746
-104,64,1.18585
-102,64,1.167189
-100,64,1.137047
-98,64,1.145096
-96,64,1.134627
-94,64,1.143052
-92,64,1.157879
-90,64,1.165732
-88,64,1.141451
-86,64,1.132148
-84,64,1.145627
-82,64,1.144017
-80,64,1.152591
-78,64,1.152541
-76,64,1.133687
-74,64,1.139505
-72,64,1.153298
-70,64,1.148372
-68,64,1.134232
-66,64,1.1487
-64,64,1.145669
-62,64,1.207836
-60,64,1.215882
-58,64,1.217713
-56,64,1.267732
-54,64,1.183935
-52,64,1.141063
-50,64,1.165318
-48,64,1.139186
-46,64,1.135375
-44,64,1.152407
-42,64,1.147261
-40,64,1.956282
-38,64,1.975749
-36,64,1.975304
-34,64,1.971192
-32,64,1.953594
-30,64,1.958074
-28,64,1.956926
-26,64,1.958418
-24,64,1.96192
-22,64,1.960232
-20,64,1.954424
-18,64,1.960765
-16,64,1.95489
-14,64,1.966904
-12,64,1.956512
-10,64,1.957574
-8,64,1.969229
-6,64,1.963525
-4,64,1.961805
-2,64,1.954303
0,64,1.959471
2,64,1.954807
4,64,1.955809
6,64,1.955454
8,64,1.95399
10,64,1.952352
12,64,1.96885
14,64,1.976604
16,64,1.957967
18,64,1.962565
20,64,1.961722
22,64,1.970575
24,64,1.966765
26,64,1.965333
28,64,1.961765
30,64,1.959937
32,64,1.95474
34,64,1.969227
36,64,1.968993
38,64,1.970685
40,64,1.971841
42,64,1.154821
44,64,1.171023
46,64,1.163346
48,64,1.16412
50,64,1.16758
52,64,1.155358
54,64,1.099756
56,64,1.153035
58,64,1.153758
60,64,1.14995
62,64,1.142764
64,64,1.156289
66,64,1.155372
68,64,1.170107
70,64,1.159453
72,64,1.14935
74,64,1.164417
76,64,1.130353
78,64,1.148827
80,64,1.168162
82,64,1.152931
84,64,1.155136
86,64,1.163941
88,64,1.153023
90,64,1.268436
92,64,1.210395
94,64,1.194836
96,64,1.22039
98,64,1.145159
100,64,1.146561
102,64,1.153537
104,64,1.153988
106,64,1.160341
108,64,1.146917
110,64,1.169382
112,64,1.160271
114,64,1.157776
116,64,1.176709
118,64,1.162189
120,64,1.14887
122,64,1.169879
124,64,1.157537
126,64,1.1628
126,62,1.169547
124,62,1.129992
122,62,1.14337
120,62,1.138826
118,62,1.13323
116,62,1.166091
114,62,1.149264
112,62,1.16545
110,62,1.146607
108,62,1.146914
106,62,1.152589
104,62,1.162273
102,62,1.140443
100,62,1.182544
98,62,1.166649
96,62,1.245754
94,62,1.167058
92,62,1.166328
90,62,1.212503
88,62,1.246428
86,62,1.170488
84,62,1.164343
82,62,1.146089
80,62,1.164055
78,62,1.162166
76,62,1.154448
74,62,1.153081
72,62,1.141459
70,62,1.147442
68,62,1.151272
66,62,1.145094
64,62,1.150065
62,62,1.139689
60,62,1.148469
58,62,1.149605
56,62,1.170084
54,62,1.155307
52,62,1.174248
50,62,1.190234
48,62,1.153306
46,62,1.152759
44,62,1.147829
42,62,1.13451
40,62,1.971963
38,62,1.973102
36,62,1.967343
34,62,1.969428
32,62,1.955034
30,62,1.95775
28,62,1.958043
26,62,1.969998
24,62,1.967713
22,62,1.969631
20,62,1.956886
18,62,1.971448
16,62,1.972976
14,62,1.973938
12,62,1.965372
10,62,1.954832
8,62,1.956954
6,62,1.958065
4,62,1.961618
2,62,1.95775
0,62,1.962753
-2,62,1.959981
-4,62,1.963608
-6,62,1.960708
-8,62,1.962047
-10,62,1.962911
-12,62,1.952013
-14,62,1.959158
-16,62,1.963342
-18,62,1.950694
-20,62,1.955484
-22,62,1.95637
-24,62,1.95992
-26,62,1.963664
-28,62,1.960386
-30,62,1.958428
-32,62,1.959921
-34,62,1.974809
-36,62,1.9783
-38,62,1.973457
-40,62,1.957212
-42,62,1.138031
-44,62,1.125373
-46,62,1.133791
-48,62,1.140969
-50,62,1.150452
-52,62,1.159983
-54,62,1.158444
-56,62,1.131726
-58,62,1.293003
-60,62,1.220042
-62,62,1.21904
-64,62,1.061294
-66,62,1.142701
-68,62,1.150578
-70,62,1.148058
-72,62,1.159218
-74,62,1.157521
-76,62,1.135526
-78,62,1.145563
-80,62,1.140291
-82,62,1.140454
-84,62,1.149204
-86,62,1.146127
-88,62,1.136246
-90,62,1.140532
-92,62,1.13571
-94,62,1.138949
-96,62,1.141809
-98,62,1.128889
-100,62,1.142572
-102,62,1.127395
-104,62,1.139978
-106,62,1.132917
-108,62,1.135346
-110,62,1.13967
-112,62,1.134279
-114,62,1.156621
-116,62,1.149582
-118,62,1.163936
-120,62,1.145463
-122,62,1.149666
-124,62,1.159888
-126,62,1.142717
-128,60,1.125792
-126,60,1.13912
-124,60,1.120994
-122,60,1.140198
-120,60,1.132803
-118,60,1.148751
-116,60,1.148507
-114,60,1.149113
-112,60,1.16032
-110,60,1.157009
-108,60,1.126672
-106,60,1.147798
-104,60,1.142688
-102,60,1.154685
-100,60,1.134859
-98,60,1.132924
-96,60,1.14382
-94,60,1.140181
-92,60,1.140669
-90,60,1.169738
-88,60,1.137773
-86,60,1.140189
-84,60,1.150209
-82,60,1.15079
-80,60,1.144944
-78,60,1.128626
-76,60,1.14697
-74,60,1.154658
-72,60,1.159431
-70,60,1.142636
-68,60,1.155993
-66,60,1.15776
-64,60,1.234911
-62,60,1.161499
-60,60,1.175847
-58,60,1.218001
-56,60,1.090737
-54,60,1.124669
-52,60,1.138338
-50,60,1.143798
-48,60,1.135027
-46,60,1.147714
-44,60,1.133141
-42,60,1.133969
-40,60,1.95266
-38,60,1.95806
-36,60,1.977821
-34,60,1.979357
-32,60,1.961657
-30,60,1.959517
-28,60,1.95894
-26,60,1.964303
-24,60,1.962763
-22,60,1.956934
-20,60,1.955123
-18,60,1.955401
-16,60,1.958559
-14,60,1.956572
-12,60,1.954473
-10,60,1.963396
-8,60,1.950256
-6,60,1.957962
-4,60,1.961287
-2,60,1.962847
0,60,1.961305
2,60,1.960639
4,60,1.958585
6,60,1.964975
8,60,1.961021
10,60,1.9614
12,60,1.968796
14,60,1.97168
16,60,1.973678
18,60,1.967344
20,60,1.963201
22,60,1.962959
24,60,1.964687
26,60,1.97159
28,60,1.954047
30,60,1.956429
32,60,1.955002
34,60,1.96887
36,60,1.968435
38,60,1.971183
40,60,1.970683
42,60,1.154332
44,60,1.182002
46,60,1.193028
48,60,1.195672
50,60,1.278796
52,60,1.164504
54,60,1.174092
56,60,1.166676
58,60,1.13548
60,60,1.144619
62,60,1.146773
64,60,1.153501
66,60,1.149984
68,60,1.179409
70,60,1.141139
72,60,1.156276
74,60,1.151103
76,60,1.160029
78,60,1.152377
80,60,1.164575
82,60,1.144099
84,60,1.16532
86,60,1.16302
88,60,1.154116
90,60,1.259985
92,60,1.250943
94,60,1.24833
96,60,1.152706
98,60,1.165385
100,60,1.17508
102,60,1.159779
104,60,1.192586
106,60,1.174405
108,60,1.144624
110,60,1.161543
112,60,1.167154
114,60,1.155146
116,60,1.164144
118,60,1.131716
120,60,1.161438
122,60,1.152598
124,60,1.155318
126,60,1.150511
128,60,1.196633
128,58,1.185177
126,58,1.162517
124,58,1.148143
122,58,1.162996
120,58,1.155654
118,58,1.169259
116,58,1.153019
114,58,1.165579
112,58,1.169219
110,58,1.161157
108,58,1.155474
106,58,1.160449
104,58,1.164818
102,58,1.173364
100,58,1.143658
98,58,1.162854
96,58,1.153901
94,58,1.186166
92,58,1.265163
90,58,1.234833
88,58,1.253532
86,58,1.286279
84,58,1.165673
82,58,1.168754
80,58,1.155281
78,58,1.147428
76,58,1.165
74,58,1.16437
72,58,1.166057
70,58,1.143511
68,58,1.153523
66,58,1.158279
64,58,1.152077
62,58,1.162826
60,58,1.119831
58,58,1.144554
56,58,1.179298
54,58,1.162522
52,58,1.144968
50,58,1.168528
48,58,1.284868
46,58,1.282071
44,58,1.188414
42,58,1.155928
40,58,1.97401
38,58,1.969428
36,58,1.970873
34,58,1.96603
32,58,1.953084
30,58,1.953398
28,58,1.96232
26,58,1.969077
24,58,1.966013
22,58,1.966387
20,58,1.967374
18,58,1.965361
16,58,1.968095
14,58,1.971073
12,58,1.968929
10,58,1.962911
8,58,1.96398
6,58,1.969325
4,58,1.961152
2,58,1.962231
0,58,1.960147
-2,58,1.965046
-4,58,1.960963
-6,58,1.956561
-8,58,1.956716
-10,58,1.962505
-12,58,1.952013
-14,58,1.953828
-16,58,1.953593
-18,58,1.955965
-20,58,1.95725
-22,58,1.959525
-24,58,1.959642
-26,58,1.966493
-28,58,1.968726
-30,58,1.965695
-32,58,1.959757
-34,58,1.97437
-36,58,1.964584
-38,58,1.958788
-40,58,1.954088
-42,58,1.140609
-44,58,1.123174
-46,58,1.144284
-48,58,1.147731
-50,58,1.114774
-52,58,1.148744
-54,58,1.164087
-56,58,1.1505
-58,58,1.15066
-60,58,1.261368
-62,58,1.199844
-64,58,1.160162
-66,58,1.173057
-68,58,1.252643
-70,58,1.176973
-72,58,1.14502
-74,58,1.129308
-76,58,1.140795
-78,58,1.12386
-80,58,1.147767
-82,58,1.162812
-84,58,1.154784
-86,58,1.157457
-88,58,1.118059
-90,58,1.162986
-92,58,1.133248
-94,58,1.13899
-96,58,1.133083
-98,58,1.125315
-100,58,1.150682
-102,58,1.105688
-104,58,1.158435
-106,58,1.145534
-108,58,1.162112
-110,58,1.145497
-112,58,1.144687
-114,58,1.124704
-116,58,1.147037
-118,58,1.13653
-120,58,1.131886
-122,58,1.125443
-124,58,1.127706
-126,58,1.147532
-128,58,1.122237
-130,56,1.156888
-128,56,1.130063
-126,56,1.172098
-124,56,1.113884
-122,56,1.141775
-120,56,1.133668
-118,56,1.152106
-116,56,1.147009
-114,56,1.149629
-112,56,1.14977
-110,56,1.120425
-108,56,1.14306
-106,56,1.133256
-104,56,1.154486
-102,56,1.153519
-100,56,1.119261
-98,56,1.13873
-96,56,1.128771
-94,56,1.130045
-92,56,1.130789
-90,56,1.138636
-88,56,1.138469
-86,56,1.145553
-84,56,1.159735
-82,56,1.153463
-80,56,1.151032
-78,56,1.146085
-76,56,1.134515
-74,56,1.14104
-72,56,1.136197
-70,56,1.121813
-68,56,1.251274
-66,56,1.176386
-64,56,1.150484
-62,56,1.171171
-60,56,1.265147
-58,56,1.142461
-56,56,1.128116
-54,56,1.156298
-52,56,1.140935
-50,56,1.113736
-48,56,1.119237
-46,56,1.142342
-44,56,1.14214
-42,56,1.133754
-40,56,1.954238
-38,56,1.961575
-36,56,1.959789
-34,56,1.967148
-32,56,1.954711
-30,56,1.960279
-28,56,1.963458
-26,56,1.968655
-24,56,1.960625
-22,56,1.959293
-20,56,1.959205
-18,56,1.95734
-16,56,1.95782
-14,56,1.958277
-12,56,1.952234
-10,56,1.964621
-8,56,1.959848
-6,56,1.950979
-4,56,1.962608
-2,56,1.963539
0,56,1.960501
2,56,1.957488
4,56,1.962915
6,56,1.968675
8,56,1.967996
10,56,1.964168
12,56,1.968782
14,56,1.966962
16,56,1.968052
18,56,1.970928
20,56,1.969408
22,56,1.974342
24,56,1.964043
26,56,1.970031
28,56,1.956146
30,56,1.955557
32,56,1.953917
34,56,1.962468
36,56,1.969985
38,56,1.971523
40,56,1.968834
42,56,1.152748
44,56,1.241977
46,56,1.206816
48,56,1.229238
50,56,1.206467
52,56,1.157601
54,56,1.174019
56,56,1.172429
58,56,1.161273
60,56,1.17689
62,56,1.18632
64,56,1.172604
66,56,1.180177
68,56,1.181029
70,56,1.184228
72,56,1.169364
74,56,1.173723
76,56,1.187646
78,56,1.156036
80,56,1.180036
82,56,1.159834
84,56,1.163884
86,56,1.100552
88,56,1.071583
90,56,1.111573
92,56,1.132986
94,56,1.160395
96,56,1.158743
98,56,1.162508
100,56,1.177808
102,56,1.181208
104,56,1.199675
106,56,1.160202
108,56,1.174347
110,56,1.190401
112,56,1.164938
114,56,1.173115
116,56,1.166571
118,56,1.161859
120,56,1.191965
122,56,1.15271
124,56,1.154704
126,56,1.169004
128,56,1.194055
130,56,1.171172
130,54,1.154814
128,54,1.16058
126,54,1.159145
124,54,1.145382
122,54,1.165041
120,54,1.16465
118,54,1.183413
116,54,1.149332
114,54,1.188521
112,54,1.199887
110,54,1.231229
108,54,1.175207
106,54,1.213612
104,54,1.191553
102,54,1.229684
100,54,1.168295
98,54,1.160358
96,54,1.152772
94,54,1.168259
92,54,1.162367
90,54,1.124991
88,54,1.148688
86,54,1.148719
84,54,1.185626
82,54,1.184029
80,54,1.168364
78,54,1.186751
76,54,1.186856
74,54,1.188575
72,54,1.166805
70,54,1.181411
68,54,1.16463
66,54,1.166328
64,54,1.180664
62,54,1.173431
60,54,1.147835
58,54,1.162696
56,54,1.229791
54,54,1.152861
52,54,1.145079
50,54,1.144409
48,54,1.141536
46,54,1.136317
44,54,1.181963
42,54,1.169998
40,54,1.165269
38,54,1.159498
36,54,1.171292
34,54,1.1589
32,54,1.161447
30,54,1.163853
28,54,1.194604
26,54,1.149329
24,54,1.18573
22,54,1.203437
20,54,1.202338
18,54,1.189601
16,54,1.179536
14,54,1.158109
12,54,1.16909
10,54,1.166696
8,54,1.158456
6,54,1.162746
4,54,1.145861
2,54,1.136654
0,54,1.129095
-2,54,1.12824
-4,54,1.125112
-6,54,1.136533
-8,54,1.154534
-10,54,1.143652
-12,54,1.145211
-14,54,1.155586
-16,54,1.151424
-18,54,1.152144
-20,54,1.146244
-22,54,1.157088
-24,54,1.153105
-26,54,1.160464
-28,54,1.153051
-30,54,1.150858
-32,54,1.146564
-34,54,1.143248
-36,54,1.146651
-38,54,1.134496
-40,54,1.126265
-42,54,1.133847
-44,54,1.140452
-46,54,1.135611
-48,54,1.12825
-50,54,1.145616
-52,54,1.15452
-54,54,1.132889
-56,54,1.155989
-58,54,1.141815
-60,54,1.146537
-62,54,1.160002
-64,54,1.162173
-66,54,1.14139
-68,54,1.149905
-70,54,1.144607
-72,54,1.143461
-74,54,1.148756
-76,54,1.151594
-78,54,1.15438
-80,54,1.156144
-82,54,1.155321
-84,54,1.155091
-86,54,1.160873
-88,54,1.148887
-90,54,1.147096
-92,54,1.140394
-94,54,1.142773
-96,54,1.139598
-98,54,1.13753
-100,54,1.13675
-102,54,1.132078
-104,54,1.135221
-106,54,1.127252
-108,54,1.167453
-110,54,1.133987
-112,54,1.142988
-114,54,1.137561
-116,54,1.138332
-118,54,1.119924
-120,54,1.140764
-122,54,1.142343
-124,54,1.138022
-126,54,1.155872
-128,54,1.146112
-130,54,1.159752
-132,52,1.116589
-130,52,1.135251
-128,52,1.157473
-126,52,1.170633
-124,52,1.976836
-122,52,1.965648
-120,52,1.963285
-118,52,1.963378
-116,52,1.947666
-114,52,1.945345
-112,52,1.944795
-110,52,1.951893
-108,52,1.939988
-106,52,1.958922
-104,52,1.950461
-102,52,1.950189
-100,52,1.951968
-98,52,1.944854
-96,52,1.947885
-94,52,1.951434
-92,52,1.952054
-90,52,1.957865
-88,52,1.958437
-86,52,1.965776
-84,52,1.960399
-82,52,1.967599
-80,52,1.95582
-78,52,1.964996
-76,52,1.95535
-74,52,1.953254
-72,52,1.955343
-70,52,1.948362
-68,52,1.949495
-66,52,1.957549
-64,52,1.9527
-62,52,1.955109
-60,52,1.95527
-58,52,1.953859
-56,52,1.941218
-54,52,1.943569
-52,52,1.950016
-50,52,1.955599
-48,52,1.962914
-46,52,1.952309
-44,52,1.957439
-42,52,1.139877
-40,52,1.947371
-38,52,1.93566
-36,52,1.949747
-34,52,1.965783
-32,52,1.954779
-30,52,1.964096
-28,52,1.959335
-26,52,1.96611
-24,52,1.966067
-22,52,1.964912
-20,52,1.961887
-18,52,1.960986
-16,52,1.965759
-14,52,1.961211
-12,52,1.955023
-10,52,1.97122
-8,52,1.967363
-6,52,1.97052
-4,52,1.96732
-2,52,1.961849
0,52,1.963192
2,52,1.956144
4,52,1.96855
6,52,1.97312
8,52,1.972714
10,52,1.971566
12,52,1.970675
14,52,1.972605
16,52,1.972078
18,52,1.962867
20,52,1.981382
22,52,1.977127
24,52,1.973968
26,52,1.967653
28,52,1.960752
30,52,1.960183
32,52,1.959356
34,52,1.965317
36,52,1.971532
38,52,1.970471
40,52,1.975447
42,52,1.141337
44,52,1.964819
46,52,1.969221
48,52,1.963975
50,52,1.968828
52,52,1.964578
54,52,1.952119
56,52,1.969557
58,52,1.960366
60,52,1.954128
62,52,1.966829
64,52,1.966249
66,52,1.9648
68,52,1.971661
70,52,1.965615
72,52,1.95821
74,52,1.960516
76,52,1.963067
78,52,1.967552
80,52,1.96476
82,52,1.966442
84,52,1.966458
86,52,1.968913
88,52,1.964869
90,52,1.964497
92,52,1.964609
94,52,1.967778
96,52,1.969462
98,52,1.972088
100,52,1.971355
102,52,1.973569
104,52,1.965471
106,52,1.964301
108,52,1.962295
110,52,1.947231
112,52,1.978428
114,52,1.964484
116,52,1.969072
118,52,1.968237
120,52,1.974338
122,52,1.97455
124,52,1.977622
126,52,1.976278
128,52,1.164531
130,52,1.177169
132,52,1.153798
132,50,1.186445
130,50,1.187896
128,50,1.173183
126,50,1.979611
124,50,1.97939
122,50,1.977963
120,50,1.979351
118,50,1.966681
116,50,1.970002
114,50,1.96425
112,50,1.969693
110,50,1.967319
108,50,1.975753
106,50,1.965695
104,50,1.979015
102,50,1.974738
100,50,1.97744
98,50,1.973914
96,50,1.971756
94,50,1.968227
92,50,1.967989
90,50,1.964497
88,50,1.961902
86,50,1.962215
84,50,1.965783
82,50,1.965384
80,50,1.966242
78,50,1.964865
76,50,1.966469
74,50,1.963954
72,50,1.961995
70,50,1.956566
68,50,1.95687
66,50,1.961206
64,50,1.96805
62,50,1.967365
60,50,1.954419
58,50,1.959447
56,50,1.95855
54,50,1.955687
52,50,1.968373
50,50,1.969509
48,50,1.968397
46,50,1.964285
44,50,1.968299
42,50,1.179473
40,50,1.970208
38,50,1.97444
36,50,1.977538
34,50,1.974611
32,50,1.964915
30,50,1.962455
28,50,1.964004
26,50,1.9662
24,50,1.977363
22,50,1.960962
20,50,1.966985
18,50,1.969701
16,50,1.974668
14,50,1.973621
12,50,1.975264
10,50,1.971442
8,50,1.977376
6,50,1.976351
4,50,1.969085
2,50,1.962668
0,50,1.962268
-2,50,1.959591
-4,50,1.970001
-6,50,1.965276
-8,50,1.965451
-10,50,1.972439
-12,50,1.960125
-14,50,1.966874
-16,50,1.967413
-18,50,1.961581
-20,50,1.964318
-22,50,1.965441
-24,50,1.967144
-26,50,1.968948
-28,50,1.969959
-30,50,1.96461
-32,50,1.957455
-34,50,1.958085
-36,50,1.947525
-38,50,1.952862
-40,50,1.954926
-42,50,1.136201
-44,50,1.960359
-46,50,1.9508
-48,50,1.960879
-50,50,1.956175
-52,50,1.942594
-54,50,1.952492
-56,50,1.956754
-58,50,1.945251
-60,50,1.947632
-62,50,1.966993
-64,50,1.957369
-66,50,1.956097
-68,50,1.94571
-70,50,1.955958
-72,50,1.958235
-74,50,1.963948
-76,50,1.955991
-78,50,1.96008
-80,50,1.956102
-82,50,1.970067
-84,50,1.960673
-86,50,1.967669
-88,50,1.955044
-90,50,1.95414
-92,50,1.947676
-94,50,1.949393
-96,50,1.954462
-98,50,1.948069
-100,50,1.955011
-102,50,1.943738
-104,50,1.960894
-106,50,1.95884
-108,50,1.941891
-110,50,1.95685
-112,50,1.951656
-114,50,1.943714
-116,50,1.933706
-118,50,1.962075
-120,50,1.960159
-122,50,1.963727
-124,50,1.972768
-126,50,1.147642
-128,50,1.131511
-130,50,1.157081
-132,50,1.13024
-132,48,1.177883
-130,48,1.132076
-128,48,1.166186
-126,48,1.125644
-124,48,1.965563
-122,48,1.962964
-120,48,1.971344
-118,48,1.968635
-116,48,1.943171
-114,48,1.954231
-112,48,1.947689
-110,48,1.95744
-108,48,1.941033
-106,48,1.963085
-104,48,1.936088
-102,48,1.951331
-100,48,1.950923
-98,48,1.963255
-96,48,1.954365
-94,48,1.953458
-92,48,1.951495
-90,48,1.948722
-88,48,1.960575
-86,48,1.958153
-84,48,1.958494
-82,48,1.966642
-80,48,1.951651
-78,48,1.950703
-76,48,1.957412
-74,48,1.955924
-72,48,1.957288
-70,48,1.962678
-68,48,1.947059
-66,48,1.953371
-64,48,1.955276
-62,48,1.964772
-60,48,1.958143
-58,48,1.962164
-56,48,1.957325
-54,48,1.958437
-52,48,1.946295
-50,48,1.957867
-48,48,1.95827
-46,48,1.956916
-44,48,1.957132
-42,48,1.140294
-40,48,1.951689
-38,48,1.958381
-36,48,1.95678
-34,48,1.954551
-32,48,1.95659
-30,48,1.961177
-28,48,1.965066
-26,48,1.974961
-24,48,1.969055
-22,48,1.968466
-20,48,1.958084
-18,48,1.959897
-16,48,1.96293
-14,48,1.971595
-12,48,1.961968
-10,48,1.968613
-8,48,1.964675
-6,48,1.965761
-4,48,1.96772
-2,48,1.961144
0,48,1.959155
2,48,1.964144
4,48,1.977812
6,48,1.975145
8,48,1.976577
10,48,1.977004
12,48,1.972019
14,48,1.974791
16,48,1.978366
18,48,1.973292
20,48,1.97034
22,48,1.968244
24,48,1.96671
26,48,1.967903
28,48,1.963888
30,48,1.965535
32,48,1.968182
34,48,1.979842
36,48,1.969653
38,48,1.968465
40,48,1.964929
42,48,1.191668
44,48,1.964815
46,48,1.963978
48,48,1.969437
50,48,1.967574
52,48,1.968647
54,48,1.955755
56,48,1.958312
58,48,1.954696
60,48,1.955756
62,48,1.964835
64,48,1.954304
66,48,1.969749
68,48,1.969785
70,48,1.949869
72,48,1.962781
74,48,1.966642
76,48,1.96452
78,48,1.965985
80,48,1.966334
82,48,1.96836
84,48,1.959571
86,48,1.955241
88,48,1.961367
90,48,1.965446
92,48,1.966517
94,48,1.969654
96,48,1.969052
98,48,1.975195
100,48,1.977115
102,48,1.974138
104,48,1.973821
106,48,1.951683
108,48,1.978672
110,48,1.967863
112,48,1.973879
114,48,1.960415
116,48,1.96627
118,48,1.963386
120,48,1.970705
122,48,1.974089
124,48,1.972079
126,48,1.974558
128,48,1.154111
130,48,1.156039
132,48,1.167278
134,46,1.176865
132,46,1.165953
130,46,1.160266
128,46,1.146271
126,46,1.975935
124,46,1.978038
122,46,1.974619
120,46,1.977855
118,46,1.96678
116,46,1.973122
114,46,1.961547
112,46,1.970824
110,46,1.979425
108,46,1.977504
106,46,1.96631
104,46,1.970836
102,46,1.969331
100,46,1.972286
98,46,1.971573
96,46,1.967556
94,46,1.97049
92,46,1.970031
90,46,1.968776
88,46,1.963588
86,46,1.960599
84,46,1.954219
82,46,1.966848
80,46,1.961343
78,46,1.97415
76,46,1.972458
74,46,1.965522
72,46,1.96673
70,46,1.972238
68,46,1.962895
66,46,1.958067
64,46,1.974786
62,46,1.967017
60,46,1.96353
58,46,1.961556
56,46,1.959799
54,46,1.956972
52,46,1.972499
50,46,1.969096
48,46,1.966218
46,46,1.972229
44,46,1.967219
42,46,1.139282
40,46,1.965415
38,46,1.966116
36,46,1.963249
34,46,1.971857
32,46,1.973723
30,46,1.959498
28,46,1.961096
26,46,1.968484
24,46,1.970178
22,46,1.970997
20,46,1.970991
18,46,1.975719
16,46,1.979791
14,46,1.984882
12,46,1.974978
10,46,1.978995
8,46,1.9742
6,46,1.978723
4,46,1.98549
2,46,1.972043
0,46,1.959185
-2,46,1.96411
-4,46,1.964421
-6,46,1.965659
-8,46,1.968285
-10,46,1.969623
-12,46,1.967602
-14,46,1.969437
-16,46,1.969304
-18,46,1.957643
-20,46,1.962598
-22,46,1.965257
-24,46,1.968641
-26,46,1.975257
-28,46,1.963739
-30,46,1.964159
-32,46,1.955988
-34,46,1.963141
-36,46,1.95739
-38,46,1.962234
-40,46,1.95151
-42,46,1.141606
-44,46,1.959199
-46,46,1.954667
-48,46,1.961912
-50,46,1.962244
-52,46,1.949652
-54,46,1.955535
-56,46,1.957258
-58,46,1.951264
-60,46,1.958694
-62,46,1.964356
-64,46,1.963201
-66,46,1.956406
-68,46,1.960781
-70,46,1.9543
-72,46,1.951905
-74,46,1.951888
-76,46,1.959093
-78,46,1.947162
-80,46,1.948302
-82,46,1.934242
-84,46,1.955481
-86,46,1.949581
-88,46,1.947094
-90,46,1.956664
-92,46,1.95151
-94,46,1.964435
-96,46,1.964128
-98,46,1.958046
-100,46,1.958789
-102,46,1.95568
-104,46,1.951424
-106,46,1.942465
-108,46,1.959507
-110,46,1.955572
-112,46,1.966731
-114,46,1.950551
-116,46,1.961741
-118,46,1.960916
-120,46,1.962946
-122,46,1.961262
-124,46,1.942767
-126,46,1.143101
-128,46,1.137826
-130,46,1.122495
-132,46,1.121094
-134,46,1.133141
-134,44,1.131193
-132,44,1.139597
-130,44,1.138782
-128,44,1.140456
-126,44,1.160867
-124,44,1.954925
-122,44,1.957285
-120,44,1.963204
-118,44,1.965561
-116,44,1.942626
-114,44,1.970241
-112,44,1.935957
-110,44,1.957263
-108,44,1.958974
-106,44,1.961817
-104,44,1.946235
-102,44,1.958192
-100,44,1.954756
-98,44,1.957477
-96,44,1.957097
-94,44,1.956221
-92,44,1.958723
-90,44,1.959969
-88,44,1.949579
-86,44,1.950493
-84,44,1.938592
-82,44,1.950626
-80,44,1.941981
-78,44,1.951038
-76,44,1.949299
-74,44,1.95049
-72,44,1.949883
-70,44,1.962282
-68,44,1.948819
-66,44,1.956135
-64,44,1.957742
-62,44,1.948984
-60,44,1.966326
-58,44,1.957692
-56,44,1.949837
-54,44,1.955283
-52,44,1.949981
-50,44,1.961774
-48,44,1.9636
-46,44,1.956827
-44,44,1.95677
-42,44,1.141883
-40,44,1.957698
-38,44,1.963369
-36,44,1.965797
-34,44,1.969892
-32,44,1.962874
-30,44,1.966975
-28,44,1.964754
-26,44,1.972009
-24,44,1.971106
-22,44,1.967132
-20,44,1.960393
-18,44,1.957998
-16,44,1.968631
-14,44,1.966184
-12,44,1.972324
-10,44,1.970366
-8,44,1.966748
-6,44,1.967216
-4,44,1.961613
-2,44,1.963706
0,44,1.967786
2,44,1.986627
4,44,1.962363
6,44,1.969751
8,44,1.975456
10,44,1.974428
12,44,1.980414
14,44,1.990016
16,44,1.983916
18,44,1.977392
20,44,1.974057
22,44,1.979683
24,44,1.974476
26,44,1.972403
28,44,1.96538
30,44,1.958226
32,44,1.959725
34,44,1.967064
36,44,1.966512
38,44,1.966671
40,44,1.971926
42,44,1.150927
44,44,1.968442
46,44,1.966672
48,44,1.970887
50,44,1.973037
52,44,1.971508
54,44,1.959837
56,44,1.964193
58,44,1.962899
60,44,1.961251
62,44,1.978795
64,44,1.969603
66,44,1.965723
68,44,1.968576
70,44,1.963966
72,44,1.976908
74,44,1.961217
76,44,1.962646
78,44,1.96725
80,44,1.96284
82,44,1.965459
84,44,1.964387
86,44,1.965738
88,44,1.973352
90,44,1.972569
92,44,1.971391
94,44,1.969979
96,44,1.967344
98,44,1.969757
100,44,1.96947
102,44,1.968458
104,44,1.96643
106,44,1.961693
108,44,1.976437
110,44,1.967008
112,44,1.969929
114,44,1.965627
116,44,1.959156
118,44,1.971267
120,44,1.982345
122,44,1.98257
124,44,1.981708
126,44,1.983159
128,44,1.167276
130,44,1.177056
132,44,1.183559
134,44,1.170975
134,42,1.166088
132,42,1.163147
130,42,1.164143
128,42,1.162406
126,42,1.976658
124,42,1.972896
122,42,1.967756
120,42,1.964345
118,42,1.953794
116,42,1.964561
114,42,1.973902
112,42,1.96627
110,42,1.979419
108,42,1.973478
106,42,1.962063
104,42,1.965939
102,42,1.965512
100,42,1.969224
98,42,1.967572
96,42,1.973758
94,42,1.970217
92,42,1.97631
90,42,1.972384
88,42,1.9743
86,42,1.971555
84,42,1.964015
82,42,1.964886
80,42,1.964319
78,42,1.964223
76,42,1.964455
74,42,1.961064
72,42,1.976731
70,42,1.961081
68,42,1.959987
66,42,1.961874
64,42,1.972089
62,42,1.970184
60,42,1.966249
58,42,1.961302
56,42,1.963255
54,42,1.960824
52,42,1.97354
50,42,1.970972
48,42,1.975071
46,42,1.970986
44,42,1.969159
42,42,1.164736
40,42,1.969423
38,42,1.969853
36,42,1.965481
34,42,1.969486
32,42,1.962081
30,42,1.968017
28,42,1.962955
26,42,1.971314
24,42,1.981356
22,42,1.982214
20,42,1.979121
18,42,1.98077
16,42,1.97062
14,42,1.97049
12,42,1.970882
10,42,1.969568
8,42,1.965347
6,42,1.973235
4,42,1.970014
2,42,1.971448
0,42,1.971595
-2,42,1.977889
-4,42,1.979101
-6,42,1.964827
-8,42,1.992133
-10,42,1.973888
-12,42,1.958791
-14,42,1.990823
-16,42,1.96337
-18,42,1.958914
-20,42,1.96336
-22,42,1.971595
-24,42,1.975979
-26,42,1.968538
-28,42,1.973175
-30,42,1.96486
-32,42,1.967212
-34,42,1.970147
-36,42,1.970038
-38,42,1.958466
-40,42,1.958909
-42,42,1.134808
-44,42,1.958388
-46,42,1.956026
-48,42,1.962506
-50,42,1.962223
-52,42,1.956394
-54,42,1.949221
-56,42,1.960699
-58,42,1.958542
-60,42,1.973713
-62,42,1.975394
-64,42,1.961312
-66,42,1.958774
-68,42,1.946414
-70,42,1.959345
-72,42,1.960746
-74,42,1.95603
-76,42,1.957679
-78,42,1.962082
-80,42,1.952747
-82,42,1.956394
-84,42,1.951827
-86,42,1.954939
-88,42,1.954621
-90,42,1.96489
-92,42,1.955385
-94,42,1.965619
-96,42,1.953634
-98,42,1.962908
-100,42,1.950928
-102,42,1.960897
-104,42,1.947995
-106,42,1.95754
-108,42,1.948804
-110,42,1.962132
-112,42,1.938185
-114,42,1.951084
-116,42,1.949608
-118,42,1.973395
-120,42,1.963614
-122,42,1.96335
-124,42,1.956074
-126,42,1.121286
-128,42,1.1826
-130,42,1.184814
-132,42,1.128585
-134,42,1.131507
-136,40,1.16299
-134,40,1.142716
-132,40,1.108494
-130,40,1.13897
-128,40,1.152243
-126,40,1.134623
-124,40,1.956385
-122,40,1.956432
-120,40,1.959928
-118,40,1.957537
-116,40,1.942996
-114,40,1.939869
-112,40,1.961265
-110,40,1.952665
-108,40,1.958432
-106,40,1.953402
-104,40,1.960751
-102,40,1.94685
-100,40,1.953874
-98,40,1.955825
-96,40,1.956693
-94,40,1.959626
-92,40,1.958065
-90,40,1.960893
-88,40,1.956829
-86,40,1.963739
-84,40,1.953442
-82,40,1.959842
-80,40,1.954243
-78,40,1.950812
-76,40,1.953601
-74,40,1.96831
-72,40,1.952323
-70,40,1.961596
-68,40,1.966579
-66,40,1.961763
-64,40,1.960876
-62,40,1.970092
-60,40,1.970381
-58,40,1.964496
-56,40,1.956935
-54,40,1.955363
-52,40,1.952797
-50,40,1.973229
-48,40,1.961154
-46,40,1.957983
-44,40,1.954473
-42,40,1.143999
-40,40,1.959285
-38,40,1.96974
-36,40,1.969503
-34,40,1.166569
-32,40,1.200069
-30,40,1.177411
-28,40,1.148547
-26,40,1.189706
-24,40,1.180233
-22,40,1.193975
-20,40,1.192398
-18,40,1.178993
-16,40,1.174161
-14,40,1.189825
-12,40,1.209392
-10,40,1.163534
-8,40,1.171058
-6,40,1.170665
-4,40,1.97271
-2,40,1.979166
0,40,1.981254
2,40,1.971211
4,40,1.988957
6,40,1.972039
8,40,1.990872
10,40,1.99459
12,40,1.97639
14,40,1.983838
16,40,1.978729
18,40,1.982574
20,40,1.986488
22,40,1.993236
24,40,1.989087
26,40,1.981008
28,40,1.978613
30,40,1.974767
32,40,1.973923
34,40,1.96047
36,40,1.962841
38,40,1.962302
40,40,1.963826
42,40,1.190938
44,40,1.967007
46,40,1.969785
48,40,1.965373
50,40,1.971289
52,40,1.969844
54,40,1.966975
56,40,1.967877
58,40,1.969585
60,40,1.979813
62,40,1.982802
64,40,1.986813
66,40,1.979251
68,40,1.981783
70,40,1.966479
72,40,1.971293
74,40,1.973968
76,40,1.971072
78,40,1.968441
80,40,1.971473
82,40,1.96724
84,40,1.969842
86,40,1.969653
88,40,1.980325
90,40,1.978872
92,40,1.975689
94,40,1.979505
96,40,1.978205
98,40,1.974402
100,40,1.972124
102,40,1.974824
104,40,1.969627
106,40,1.970896
108,40,1.972984
110,40,1.97251
112,40,1.969773
114,40,1.975572
116,40,1.955658
118,40,1.969703
120,40,1.963806
122,40,1.965227
124,40,1.969318
126,40,1.971166
128,40,1.162196
130,40,1.17157
132,40,1.158219
134,40,1.157512
136,40,1.165882
136,38,1.183807
134,38,1.157696
132,38,1.162186
130,38,1.134688
128,38,1.156488
126,38,1.964726
124,38,1.965794
122,38,1.96557
120,38,1.966094
118,38,1.971124
116,38,1.969424
114,38,1.968812
112,38,1.982467
110,38,1.972626
108,38,1.970417
106,38,1.974327
104,38,1.968843
102,38,1.972358
100,38,1.971624
98,38,1.976346
96,38,1.975072
94,38,1.976687
92,38,1.974577
90,38,1.978283
88,38,1.97229
86,38,1.974174
84,38,1.968375
82,38,1.973647
80,38,1.974472
78,38,1.973624
76,38,1.995936
74,38,1.977202
72,38,1.988082
70,38,1.98693
68,38,1.966699
66,38,1.983608
64,38,1.979687
62,38,1.989536
60,38,1.986459
58,38,1.982898
56,38,1.971113
54,38,1.96603
52,38,1.97311
50,38,1.972407
48,38,1.968747
46,38,1.972465
44,38,1.970656
42,38,1.170835
40,38,1.96699
38,38,1.966497
36,38,1.965786
34,38,1.96122
32,38,1.970445
30,38,1.979483
28,38,1.986116
26,38,1.983037
24,38,1.972196
22,38,1.980757
20,38,1.994076
18,38,1.988527
16,38,1.994878
14,38,1.99382
12,38,1.98644
10,38,1.988683
8,38,1.972324
6,38,1.989206
4,38,1.995805
2,38,1.973322
0,38,1.994485
-2,38,1.984021
-4,38,1.965319
-6,38,1.984145
-8,38,1.978595
-10,38,1.970395
-12,38,1.984888
-14,38,1.98187
-16,38,1.980539
-18,38,1.969605
-20,38,1.964896
-22,38,1.984933
-24,38,1.977872
-26,38,1.973322
-28,38,1.969654
-30,38,1.971969
-32,38,1.971023
-34,38,1.964316
-36,38,1.960819
-38,38,1.960412
-40,38,1.957648
-42,38,1.141937
-44,38,1.950192
-46,38,1.957587
-48,38,1.960453
-50,38,1.967955
-52,38,1.225935
-54,38,1.97138
-56,38,1.968726
-58,38,1.977902
-60,38,1.971486
-62,38,1.974298
-64,38,1.971193
-66,38,1.967957
-68,38,1.971737
-70,38,1.986131
-72,38,1.972619
-74,38,1.971041
-76,38,1.960979
-78,38,1.962555
-80,38,1.958731
-82,38,1.966044
-84,38,1.960742
-86,38,1.968388
-88,38,1.963718
-90,38,1.961416
-92,38,1.95976
-94,38,1.96526
-96,38,1.962483
-98,38,1.96196
-100,38,1.959512
-102,38,1.968895
-104,38,1.971053
-106,38,1.963828
-108,38,1.973517
-110,38,1.973979
-112,38,1.953668
-114,38,1.963063
-116,38,1.951374
-118,38,1.952077
-120,38,1.957561
-122,38,1.943754
-124,38,1.952765
-126,38,1.134928
-128,38,1.147422
-130,38,1.137831
-132,38,1.140231
-134,38,1.144393
-136,38,1.136019
-136,36,1.151918
-134,36,1.128094
-132,36,1.132479
-130,36,1.153734
-128,36,1.145318
-126,36,1.151458
-124,36,1.951104
-122,36,1.95687
-120,36,1.946431
-118,36,1.960305
-116,36,1.969395
-114,36,1.966383
-112,36,1.97134
-110,36,1.962304
-108,36,1.975609
-106,36,1.967955
-104,36,1.979305
-102,36,1.963223
-100,36,1.973601
-98,36,1.964509
-96,36,1.965122
-94,36,1.968018
-92,36,1.959981
-90,36,1.959591
-88,36,1.955961
-86,36,1.974773
-84,36,1.96414
-82,36,1.968616
-80,36,1.970856
-78,36,1.964878
-76,36,1.988864
-74,36,1.9707
-72,36,1.96575
-70,36,1.977917
-68,36,1.984882
-66,36,1.971541
-64,36,1.977261
-62,36,1.971918
-60,36,1.969411
-58,36,1.971139
-56,36,1.969333
-54,36,1.969509
-52,36,1.56317
-50,36,1.967305
-48,36,1.965325
-46,36,1.963966
-44,36,1.960144
-42,36,1.139906
-40,36,1.958149
-38,36,1.961893
-36,36,1.961248
-34,36,1.96715
-32,36,1.967234
-30,36,1.974419
-28,36,1.970516
-26,36,1.974739
-24,36,1.974385
-22,36,1.972033
-20,36,1.991985
-18,36,1.983962
-16,36,1.99095
-14,36,1.978632
-12,36,1.963646
-10,36,1.98525
-8,36,1.976397
-6,36,1.982796
-4,36,1.976924
-2,36,1.983787
0,36,1.975755
2,36,1.974523
4,36,1.990283
6,36,1.980145
8,36,1.995863
10,36,1.993325
12,36,1.983441
14,36,1.996893
16,36,1.992619
18,36,2.000047
20,36,1.993085
22,36,1.98799
24,36,2.005023
26,36,1.981009
28,36,1.994175
30,36,1.984051
32,36,1.971049
34,36,1.965073
36,36,1.967993
38,36,1.968513
40,36,1.971638
42,36,1.163487
44,36,1.972986
46,36,1.972466
48,36,1.968187
50,36,1.967689
52,36,1.977428
54,36,1.989606
56,36,1.981588
58,36,1.989068
60,36,1.983081
62,36,1.979446
64,36,1.973423
66,36,1.970834
68,36,1.978254
70,36,1.974612
72,36,1.985293
74,36,1.974959
76,36,1.973846
78,36,1.977492
80,36,1.976064
82,36,1.971521
84,36,1.970006
86,36,1.973717
88,36,1.978249
90,36,1.977142
92,36,1.97706
94,36,1.977995
96,36,1.977859
98,36,1.978804
100,36,1.972717
102,36,1.975095
104,36,1.969363
106,36,1.976672
108,36,1.97608
110,36,1.974939
112,36,1.976138
114,36,1.981462
116,36,1.964857
118,36,1.963206
120,36,1.965167
122,36,1.964311
124,36,1.962513
126,36,1.961386
128,36,1.151989
130,36,1.133487
132,36,1.141796
134,36,1.174635
136,36,1.171125
136,34,1.161976
134,34,1.165681
132,34,1.170895
130,34,1.164346
128,34,1.153267
126,34,1.967323
124,34,1.968584
122,34,1.969153
120,34,1.967859
118,34,1.975204
116,34,1.966432
114,34,1.972063
112,34,1.974142
110,34,1.972729
108,34,1.977964
106,34,1.977144
104,34,1.981485
102,34,1.98232
100,34,1.985178
98,34,1.981458
96,34,1.981925
94,34,1.982693
92,34,1.979568
90,34,1.981222
88,34,1.97208
86,34,1.975267
84,34,1.971589
82,34,1.973344
80,34,1.970156
78,34,1.98594
76,34,1.977183
74,34,1.989049
72,34,1.984422
70,34,1.980286
68,34,1.982155
66,34,1.976862
64,34,1.974097
62,34,1.972255
60,34,1.97731
58,34,1.985367
56,34,1.992881
54,34,1.989553
52,34,1.983679
50,34,1.97266
48,34,1.96999
46,34,1.968196
44,34,1.980007
42,34,1.182377
40,34,1.978305
38,34,1.969589
36,34,1.969316
34,34,1.970138
32,34,1.97105
30,34,1.986371
28,34,1.986235
26,34,1.990065
24,34,1.982245
22,34,1.995793
20,34,1.987039
18,34,1.992314
16,34,1.991819
14,34,1.988654
12,34,1.993774
10,34,1.995149
8,34,1.973764
6,34,1.995412
4,34,1.973537
2,34,1.973175
0,34,1.978344
-2,34,1.966103
-4,34,1.990975
-6,34,1.971252
-8,34,1.979326
-10,34,1.97817
-12,34,1.992574
-14,34,1.992756
-16,34,1.969971
-18,34,1.990115
-20,34,1.984377
-22,34,1.979602
-24,34,1.980516
-26,34,1.97408
-28,34,1.956642
-30,34,1.974475
-32,34,1.975043
-34,34,1.956748
-36,34,1.960905
-38,34,1.954232
-40,34,1.959036
-42,34,1.148117
-44,34,1.966482
-46,34,1.964314
-48,34,1.970527
-50,34,1.962973
-52,34,1.178494
-54,34,1.966304
-56,34,1.974775
-58,34,1.967971
-60,34,1.975671
-62,34,1.979411
-64,34,1.980409
-66,34,1.992237
-68,34,1.976528
-70,34,1.971786
-72,34,1.981235
-74,34,1.962715
-76,34,1.983786
-78,34,1.968818
-80,34,1.970125
-82,34,1.967091
-84,34,1.973451
-86,34,1.970383
-88,34,1.973252
-90,34,1.98391
-92,34,1.978073
-94,34,1.987735
-96,34,1.977475
-98,34,1.993603
-100,34,1.962395
-102,34,1.98027
-104,34,1.970833
-106,34,1.972614
-108,34,1.97623
-110,34,1.967421
-112,34,1.968947
-114,34,1.968942
-116,34,1.955419
-118,34,1.960443
-120,34,1.963188
-122,34,1.951659
-124,34,1.949038
-126,34,1.11753
-128,34,1.164072
-130,34,1.130725
-132,34,1.128366
-134,34,1.130369
-136,34,1.164622
-138,32,1.162719
-136,32,1.150119
-134,32,1.139309
-132,32,1.14567
-130,32,1.134133
-128,32,1.125236
-126,32,1.139811
-124,32,1.952618
-122,32,1.952115
-120,32,1.962526
-118,32,1.949079
-116,32,1.963314
-114,32,1.962158
-112,32,1.949696
-110,32,1.962822
-108,32,1.967644
-106,32,1.96633
-104,32,1.973493
-102,32,1.969478
-100,32,1.968289
-98,32,1.974162
-96,32,1.975573
-94,32,1.981561
-92,32,1.970963
-90,32,1.979249
-88,32,1.972887
-86,32,1.974977
-84,32,1.967658
-82,32,1.972127
-80,32,1.968643
-78,32,1.967796
-76,32,1.973928
-74,32,1.983753
-72,32,2.008381
-70,32,1.97195
-68,32,1.990773
-66,32,1.987196
-64,32,1.987454
-62,32,1.977485
-60,32,1.975466
-58,32,1.973377
-56,32,1.968537
-54,32,1.971168
-52,32,1.170912
-50,32,1.967739
-48,32,1.96728
-46,32,1.964701
-44,32,1.973397
-42,32,1.163047
-40,32,1.967402
-38,32,1.969897
-36,32,1.957669
-34,32,1.960095
-32,32,1.957589
-30,32,1.969315
-28,32,1.978611
-26,32,1.967458
-24,32,1.978709
-22,32,1.975866
-20,32,1.982807
-18,32,1.988706
-16,32,1.982108
-14,32,2.004574
-12,32,1.994811
-10,32,1.993833
-8,32,1.98081
-6,32,1.970939
-4,32,1.970643
-2,32,1.971036
0,32,1.975389
2,32,1.974829
4,32,1.978702
6,32,1.982026
8,32,1.98309
10,32,1.994536
12,32,1.982836
14,32,1.997565
16,32,1.981564
18,32,1.990383
20,32,1.987591
22,32,1.985375
24,32,1.983705
26,32,1.996969
28,32,1.978275
30,32,1.989829
32,32,1.973852
34,32,1.968596
36,32,1.971828
38,32,1.974243
40,32,1.970447
42,32,1.201572
44,32,1.97574
46,32,1.964134
48,32,1.972322
50,32,1.974942
52,32,1.979967
54,32,1.986571
56,32,1.982523
58,32,1.97313
60,32,1.971184
62,32,1.973425
64,32,1.978822
66,32,1.98295
68,32,1.983624
70,32,1.987
72,32,1.992058
74,32,1.987375
76,32,1.976668
78,32,1.97504
80,32,1.973202
82,32,1.972179
84,32,1.965844
86,32,1.969845
88,32,1.968245
90,32,1.968998
92,32,1.974203
94,32,1.977814
96,32,1.983532
98,32,1.989205
100,32,1.993261
102,32,1.983123
104,32,1.977164
106,32,1.979507
108,32,1.980002
110,32,1.984681
112,32,1.980963
114,32,1.986614
116,32,1.981737
118,32,1.969849
120,32,1.977654
122,32,1.973907
124,32,1.974002
126,32,1.972799
128,32,1.144648
130,32,1.168975
132,32,1.144974
134,32,1.140567
136,32,1.168158
138,32,1.176931
138,30,1.167298
136,30,1.167768
134,30,1.169911
132,30,1.158887
130,30,1.163119
128,30,1.162528
126,30,1.970085
124,30,1.971874
122,30,1.969113
120,30,1.96621
118,30,1.9728
116,30,1.982435
114,30,1.96846
112,30,1.973025
110,30,1.978646
108,30,1.985871
106,30,1.989413
104,30,1.98528
102,30,1.973726
100,30,1.997078
98,30,1.993081
96,30,1.995454
94,30,1.988122
92,30,1.983641
90,30,1.967147
88,30,1.969677
86,30,1.966299
84,30,1.963823
82,30,1.965056
80,30,1.965368
78,30,1.972092
76,30,1.981648
74,30,1.99084
72,30,1.975537
70,30,1.984442
68,30,1.979748
66,30,1.977741
64,30,1.983742
62,30,1.974508
60,30,1.97824
58,30,1.96581
56,30,1.973615
54,30,1.972436
52,30,1.977547
50,30,1.977781
48,30,1.971093
46,30,1.976124
44,30,1.978094
42,30,1.176383
40,30,1.97802
38,30,1.973072
36,30,1.972167
34,30,1.968721
32,30,1.985878
30,30,1.967927
28,30,1.975296
26,30,1.98089
24,30,1.993737
22,30,1.985273
20,30,1.988923
18,30,1.987973
16,30,1.986091
14,30,1.997452
12,30,1.996125
10,30,1.992092
8,30,1.987083
6,30,1.983058
4,30,1.980264
2,30,1.977483
0,30,1.97322
-2,30,1.976518
-4,30,1.975985
-6,30,1.970889
-8,30,1.981951
-10,30,1.989432
-12,30,1.985828
-14,30,1.979235
-16,30,1.988911
-18,30,1.987461
-20,30,1.989603
-22,30,1.987182
-24,30,1.978494
-26,30,1.97224
-28,30,1.992391
-30,30,1.970685
-32,30,1.971073
-34,30,1.969278
-36,30,1.968935
-38,30,1.972072
-40,30,1.97991
-42,30,1.165227
-44,30,1.969676
-46,30,1.963738
-48,30,1.964384
-50,30,1.963829
-52,30,1.171197
-54,30,1.969259
-56,30,1.969084
-58,30,1.981328
-60,30,1.974882
-62,30,1.988152
-64,30,1.980499
-66,30,1.990807
-68,30,1.981433
-70,30,1.978703
-72,30,1.97657
-74,30,1.985883
-76,30,1.971469
-78,30,1.975149
-80,30,1.958618
-82,30,1.977062
-84,30,1.972429
-86,30,1.977282
-88,30,1.963349
-90,30,1.968126
-92,30,1.962799
-94,30,1.970034
-96,30,1.961174
-98,30,1.966696
-100,30,1.964644
-102,30,1.962068
-104,30,1.966349
-106,30,1.967848
-108,30,1.965627
-110,30,1.970221
-112,30,1.962866
-114,30,1.965615
-116,30,1.963498
-118,30,1.951106
-120,30,1.949542
-122,30,1.964972
-124,30,1.95161
-126,30,1.146919
-128,30,1.152194
-130,30,1.123356
-132,30,1.142083
-134,30,1.153573
-136,30,1.15655
-138,30,1.157587
-138,28,1.109152
-136,28,1.125067
-134,28,1.158351
-132,28,1.124004
-130,28,1.138327
-128,28,1.149352
-126,28,1.139349
-124,28,1.954801
-122,28,1.96092
-120,28,1.958054
-118,28,1.945208
-116,28,1.970422
-114,28,1.979091
-112,28,1.969367
-110,28,1.973741
-108,28,1.980039
-106,28,1.966269
-104,28,1.970973
-102,28,1.968421
-100,28,1.95998
-98,28,1.963733
-96,28,1.965515
-94,28,1.963151
-92,28,1.958316
-90,28,1.965321
-88,28,1.959376
-86,28,1.965775
-84,28,1.970778
-82,28,1.974134
-80,28,1.974732
-78,28,1.973594
-76,28,1.964618
-74,28,1.975336
-72,28,1.976168
-70,28,1.989
-68,28,1.982038
-66,28,1.993161
-64,28,1.98275
-62,28,1.991029
-60,28,1.982832
-58,28,1.98508
-56,28,1.979568
-54,28,1.974241
-52,28,1.717684
-50,28,1.96847
-48,28,1.964665
-46,28,1.967037
-44,28,1.966016
-42,28,1.165153
-40,28,1.97476
-38,28,1.981481
-36,28,1.978689
-34,28,1.953715
-32,28,1.975501
-30,28,1.981575
-28,28,1.990076
-26,28,1.975222
-24,28,1.973846
-22,28,1.978903
-20,28,1.982425
-18,28,1.982117
-16,28,1.986198
-14,28,1.98596
-12,28,1.979606
-10,28,1.989007
-8,28,1.978656
-6,28,1.974703
-4,28,1.971275
-2,28,1.976461
0,28,1.972786
2,28,1.976705
4,28,1.974914
6,28,1.987665
8,28,1.991175
10,28,1.993637
12,28,1.992891
14,28,1.994957
16,28,1.982424
18,28,1.983769
20,28,1.988898
22,28,1.983732
24,28,1.984817
26,28,1.987869
28,28,1.989464
30,28,1.977783
32,28,1.982064
34,28,1.974295
36,28,1.972284
38,28,1.977489
40,28,1.982365
42,28,1.182127
44,28,1.976517
46,28,1.976774
48,28,1.972129
50,28,1.973171
52,28,1.965668
54,28,1.974575
56,28,1.972137
58,28,1.974564
60,28,1.975258
62,28,1.979057
64,28,1.97314
66,28,1.976954
68,28,1.971309
70,28,1.973841
72,28,1.979508
74,28,1.976759
76,28,1.996009
78,28,1.976009
80,28,1.98488
82,28,1.969549
84,28,1.973911
86,28,1.970068
88,28,1.977964
90,28,1.973784
92,28,1.995796
94,28,1.9965
96,28,1.995073
98,28,1.998027
100,28,1.994279
102,28,1.996523
104,28,1.989589
106,28,1.98765
108,28,1.980007
110,28,1.976161
112,28,1.969805
114,28,1.993729
116,28,1.983636
118,28,1.977921
120,28,1.972101
122,28,1.972174
124,28,1.970513
126,28,1.971368
128,28,1.16778
130,28,1.179721
132,28,1.15298
134,28,1.156598
136,28,1.170927
138,28,1.210044
138,26,1.164374
136,26,1.165436
134,26,1.178193
132,26,1.170128
130,26,1.202883
128,26,1.150965
126,26,1.970319
124,26,1.97275
122,26,1.971163
120,26,1.979311
118,26,1.979004
116,26,1.961687
114,26,1.97912
112,26,1.994799
110,26,1.994955
108,26,1.988297
106,26,1.987044
104,26,1.982379
102,26,1.979737
100,26,1.98154
98,26,1.982338
96,26,1.979849
94,26,1.980151
92,26,1.981176
90,26,1.976211
88,26,1.980494
86,26,1.97515
84,26,1.976578
82,26,1.975858
80,26,1.967674
78,26,1.987012
76,26,1.978502
74,26,1.984523
72,26,1.981488
70,26,1.979546
68,26,1.976439
66,26,1.980531
64,26,1.980616
62,26,1.97996
60,26,1.983307
58,26,1.979936
56,26,1.981193
54,26,1.976913
52,26,1.974838
50,26,1.977034
48,26,1.976918
46,26,1.972921
44,26,1.979822
42,26,1.192986
40,26,1.986594
38,26,1.985537
36,26,1.984122
34,26,1.976383
32,26,1.98569
30,26,1.992242
28,26,1.987649
26,26,1.978059
24,26,1.977653
22,26,1.985152
20,26,1.981387
18,26,1.983879
16,26,1.979977
14,26,1.985657
12,26,1.983136
10,26,1.992345
8,26,1.987303
6,26,1.987261
4,26,1.969691
2,26,1.975623
0,26,1.969051
-2,26,1.976531
-4,26,1.974282
-6,26,1.979046
-8,26,1.979577
-10,26,1.983566
-12,26,1.977055
-14,26,1.98246
-16,26,1.983977
-18,26,1.980945
-20,26,1.985441
-22,26,1.983845
-24,26,1.972384
-26,26,1.974802
-28,26,1.99264
-30,26,1.955973
-32,26,1.984133
-34,26,1.962254
-36,26,1.987917
-38,26,1.978435
-40,26,1.970139
-42,26,1.156995
-44,26,1.970831
-46,26,1.964847
-48,26,1.965525
-50,26,1.968043
-52,26,1.142261
-54,26,1.970675
-56,26,1.975697
-58,26,1.970874
-60,26,1.991257
-62,26,1.989282
-64,26,1.987236
-66,26,1.982649
-68,26,1.98976
-70,26,1.978884
-72,26,1.998573
-74,26,1.973748
-76,26,1.985492
-78,26,1.970056
-80,26,1.972185
-82,26,1.977149
-84,26,1.966727
-86,26,1.966247
-88,26,1.961422
-90,26,1.966027
-92,26,1.967128
-94,26,1.966348
-96,26,1.969013
-98,26,1.970113
-100,26,1.973504
-102,26,1.966345
-104,26,1.981881
-106,26,1.974979
-108,26,1.976247
-110,26,1.983162
-112,26,1.956631
-114,26,1.980818
-116,26,1.955358
-118,26,1.951449
-120,26,1.961416
-122,26,1.947573
-124,26,1.946917
-126,26,1.122528
-128,26,1.137892
-130,26,1.122257
-132,26,1.133804
-134,26,1.127583
-136,26,1.126416
-138,26,1.113404
-138,24,1.104995
-136,24,1.124844
-134,24,1.139587
-132,24,1.153354
-130,24,1.126768
-128,24,1.13328
-126,24,1.152153
-124,24,1.964058
-122,24,1.976329
-120,24,1.948424
-118,24,1.95479
-116,24,1.958009
-114,24,1.953837
-112,24,1.974528
-110,24,1.973101
-108,24,1.974287
-106,24,1.978378
-104,24,1.980957
-102,24,1.978438
-100,24,1.978512
-98,24,1.986942
-96,24,1.972763
-94,24,1.971605
-92,24,1.982285
-90,24,1.961789
-88,24,1.970219
-86,24,1.968028
-84,24,1.960967
-82,24,1.973928
-80,24,1.964024
-78,24,1.976171
-76,24,1.980063
-74,24,1.965455
-72,24,1.973851
-70,24,1.987674
-68,24,1.989646
-66,24,1.97836
-64,24,1.975373
-62,24,1.9765
-60,24,1.965878
-58,24,1.972219
-56,24,1.97262
-54,24,1.965796
-52,24,1.161267
-50,24,1.966434
-48,24,1.962282
-46,24,1.958945
-44,24,1.964857
-42,24,1.153252
-40,24,1.969921
-38,24,1.964872
-36,24,1.952318
-34,24,1.967827
-32,24,1.967038
-30,24,1.980591
-28,24,1.986663
-26,24,1.969978
-24,24,1.975547
-22,24,1.975047
-20,24,1.983702
-18,24,1.978498
-16,24,1.985328
-14,24,1.987713
-12,24,1.978502
-10,24,1.97584
-8,24,1.977439
-6,24,1.972989
-4,24,1.975949
-2,24,1.969793
0,24,1.967683
2,24,1.970408
4,24,1.969335
6,24,1.98637
8,24,1.98265
10,24,1.982395
12,24,1.985257
14,24,1.980403
16,24,1.982532
18,24,1.979626
20,24,1.984662
22,24,1.977171
24,24,1.981484
26,24,1.975276
28,24,1.974427
30,24,1.983964
32,24,1.987038
34,24,1.968435
36,24,1.983061
38,24,1.963275
40,24,1.985845
42,24,1.185419
44,24,1.976804
46,24,1.981925
48,24,1.978409
50,24,1.981998
52,24,1.975786
54,24,1.988078
56,24,1.981717
58,24,1.991048
60,24,1.984977
62,24,1.983765
64,24,1.982118
66,24,1.984366
68,24,1.978921
70,24,1.983453
72,24,1.985978
74,24,1.982314
76,24,1.966445
78,24,1.986858
80,24,1.97866
82,24,1.975406
84,24,1.971599
86,24,1.970824
88,24,1.97504
90,24,1.971668
92,24,1.971867
94,24,1.985926
96,24,1.985736
98,24,1.988284
100,24,1.987603
102,24,1.986279
104,24,1.986515
106,24,1.993121
108,24,1.993909
110,24,1.987842
112,24,1.972035
114,24,1.980821
116,24,1.975259
118,24,1.966787
120,24,1.977503
122,24,1.968019
124,24,1.974487
126,24,1.971171
128,24,1.148484
130,24,1.16068
132,24,1.135493
134,24,1.139217
136,24,1.141403
138,24,1.158262
140,22,1.178697
138,22,1.172771
136,22,1.162034
134,22,1.164783
132,22,1.160001
130,22,1.170883
128,22,1.1656
126,22,1.973828
124,22,1.972718
122,22,1.975405
120,22,1.972669
118,22,1.967251
116,22,1.972265
114,22,1.973471
112,22,1.975174
110,22,1.975274
108,22,1.979911
106,22,1.981403
104,22,1.995001
102,22,1.984194
100,22,1.992485
98,22,1.987454
96,22,1.993011
94,22,1.990248
92,22,1.983406
90,22,1.976618
88,22,1.981085
86,22,1.97521
84,22,1.977581
82,22,1.992325
80,22,1.991638
78,22,1.975143
76,22,1.981275
74,22,1.988945
72,22,1.982042
70,22,1.98452
68,22,1.982427
66,22,1.984202
64,22,1.984709
62,22,1.985032
60,22,1.980046
58,22,1.985055
56,22,1.976224
54,22,1.979869
52,22,1.97321
50,22,1.970844
48,22,1.97913
46,22,1.975819
44,22,1.977242
42,22,1.190554
40,22,1.984665
38,22,1.959799
36,22,1.97917
34,22,1.971489
32,22,1.97783
30,22,1.972622
28,22,1.973314
26,22,1.97676
24,22,1.976596
22,22,1.978417
20,22,1.977231
18,22,1.982132
16,22,1.979469
14,22,1.980158
12,22,1.976324
10,22,1.980375
8,22,1.995738
6,22,1.974326
4,22,1.975131
2,22,1.974302
0,22,1.964088
-2,22,1.970719
-4,22,1.96537
-6,22,1.967515
-8,22,1.975903
-10,22,1.967786
-12,22,1.979844
-14,22,1.988855
-16,22,1.988328
-18,22,1.980725
-20,22,1.983989
-22,22,1.973266
-24,22,1.979395
-26,22,1.967895
-28,22,1.983094
-30,22,1.972388
-32,22,1.953245
-34,22,1.964592
-36,22,1.953167
-38,22,1.965404
-40,22,1.953781
-42,22,1.150381
-44,22,1.954715
-46,22,1.956458
-48,22,1.965463
-50,22,1.962562
-52,22,1.142491
-54,22,1.966086
-56,22,1.976031
-58,22,1.971925
-60,22,1.981263
-62,22,1.982056
-64,22,1.979939
-66,22,1.994468
-68,22,1.983116
-70,22,1.981
-72,22,1.975725
-74,22,1.967673
-76,22,1.978474
-78,22,1.944321
-80,22,1.952491
-82,22,1.964287
-84,22,1.970571
-86,22,1.963126
-88,22,1.968753
-90,22,1.972557
-92,22,1.975704
-94,22,1.967576
-96,22,1.971162
-98,22,1.970356
-100,22,1.965201
-102,22,1.966293
-104,22,1.958416
-106,22,1.961937
-108,22,1.963791
-110,22,1.960712
-112,22,1.957304
-114,22,1.97673
-116,22,1.95884
-118,22,1.978344
-120,22,1.949522
-122,22,1.958867
-124,22,1.961494
-126,22,1.143511
-128,22,1.165329
-130,22,1.154279
-132,22,1.155453
-134,22,1.151924
-136,22,1.115361
-138,22,1.14067
-140,22,1.13857
-140,20,1.120657
-138,20,1.118561
-136,20,1.131037
-134,20,1.128794
-132,20,1.154681
-130,20,1.159324
-128,20,1.150213
-126,20,1.14401
-124,20,1.955633
-122,20,1.936692
-120,20,1.957344
-118,20,1.955405
-116,20,1.961317
-114,20,1.953692
-112,20,1.96701
-110,20,1.970251
-108,20,1.972977
-106,20,1.966909
-104,20,1.965455
-102,20,1.974119
-100,20,1.977136
-98,20,1.975138
-96,20,1.974016
-94,20,1.968583
-92,20,1.97118
-90,20,1.972815
-88,20,1.97479
-86,20,1.973222
-84,20,1.972937
-82,20,1.975669
-80,20,1.974578
-78,20,1.958199
-76,20,1.96371
-74,20,1.973335
-72,20,1.965181
-70,20,1.975352
-68,20,1.976321
-66,20,1.979026
-64,20,1.981434
-62,20,1.984685
-60,20,1.973619
-58,20,1.97199
-56,20,1.970686
-54,20,1.963051
-52,20,1.553543
-50,20,1.954624
-48,20,1.957322
-46,20,1.948605
-44,20,1.95431
-42,20,1.134814
-40,20,1.942501
-38,20,1.954887
-36,20,1.950358
-34,20,1.963364
-32,20,1.954985
-30,20,1.971752
-28,20,1.972958
-26,20,1.971329
-24,20,1.968797
-22,20,1.977323
-20,20,1.980137
-18,20,1.981101
-16,20,1.982146
-14,20,1.990331
-12,20,1.985155
-10,20,1.981925
-8,20,1.978056
-6,20,1.964193
-4,20,1.969652
-2,20,1.96764
0,20,1.96809
2,20,1.968009
4,20,1.980643
6,20,1.97712
8,20,1.994244
10,20,1.994702
12,20,1.998299
14,20,1.995306
16,20,1.991052
18,20,1.986773
20,20,1.983814
22,20,1.98315
24,20,1.980969
26,20,1.980385
28,20,1.97596
30,20,1.982318
32,20,1.968542
34,20,1.972622
36,20,1.953819
38,20,1.98114
40,20,1.97959
42,20,1.187217
44,20,1.972277
46,20,1.972927
48,20,1.973101
50,20,1.97054
52,20,1.966316
54,20,1.971133
56,20,1.978989
58,20,1.975833
60,20,1.977832
62,20,1.966483
64,20,1.973592
66,20,1.973178
68,20,1.980416
70,20,1.980271
72,20,1.98556
74,20,1.993033
76,20,1.977226
78,20,1.972909
80,20,1.969683
82,20,1.968754
84,20,1.982542
86,20,1.973956
88,20,1.974687
90,20,1.974095
92,20,1.974608
94,20,1.975692
96,20,1.976287
98,20,1.9822
100,20,1.981863
102,20,1.989938
104,20,1.972854
106,20,1.977833
108,20,1.975172
110,20,1.97624
112,20,1.97614
114,20,1.976899
116,20,1.978657
118,20,1.976618
120,20,1.96314
122,20,1.973941
124,20,1.986147
126,20,1.981338
128,20,1.172773
130,20,1.17304
132,20,1.165012
134,20,1.169888
136,20,1.166793
138,20,1.159999
140,20,1.175735
140,18,1.173621
138,18,1.15442
136,18,1.155581
134,18,1.167321
132,18,1.160076
130,18,1.143739
128,18,1.144017
126,18,1.965225
124,18,1.968427
122,18,1.953682
120,18,1.97863
118,18,1.96386
116,18,1.958896
114,18,1.974126
112,18,1.978501
110,18,1.980493
108,18,1.982708
106,18,1.987531
104,18,1.986987
102,18,1.988696
100,18,1.983968
98,18,1.977611
96,18,1.978074
94,18,1.973093
92,18,1.969632
90,18,1.972884
88,18,1.970282
86,18,1.966884
84,18,1.964405
82,18,1.978857
80,18,1.976379
78,18,1.980512
76,18,1.979881
74,18,1.987346
72,18,1.975611
70,18,1.977393
68,18,1.983729
66,18,1.97417
64,18,1.976395
62,18,1.978741
60,18,1.976198
58,18,1.973159
56,18,1.972934
54,18,1.975536
52,18,1.965298
50,18,1.971856
48,18,1.96623
46,18,1.969708
44,18,1.969698
42,18,1.170606
40,18,1.965757
38,18,1.959926
36,18,1.962655
34,18,1.977054
32,18,1.964624
30,18,1.987174
28,18,1.978283
26,18,1.983005
24,18,1.983238
22,18,1.992935
20,18,1.995092
18,18,1.992326
16,18,1.99702
14,18,1.992213
12,18,1.9939
10,18,1.988741
8,18,1.987223
6,18,1.98575
4,18,1.982563
2,18,1.971412
0,18,1.974272
-2,18,1.968882
-4,18,1.965853
-6,18,1.965079
-8,18,1.98111
-10,18,1.982909
-12,18,1.981262
-14,18,1.986431
-16,18,1.984547
-18,18,1.974698
-20,18,1.981256
-22,18,1.975127
-24,18,1.971039
-26,18,1.963409
-28,18,1.968966
-30,18,1.969127
-32,18,1.970309
-34,18,1.96574
-36,18,1.93741
-38,18,1.960045
-40,18,1.956466
-42,18,1.136674
-44,18,1.954849
-46,18,1.95431
-48,18,1.959479
-50,18,1.956214
-52,18,1.155892
-54,18,1.960062
-56,18,1.96676
-58,18,1.96084
-60,18,1.967076
-62,18,1.969267
-64,18,1.961705
-66,18,1.965859
-68,18,1.965285
-70,18,1.970105
-72,18,1.958534
-74,18,1.975911
-76,18,1.980895
-78,18,1.958727
-80,18,1.971003
-82,18,1.958146
-84,18,1.98028
-86,18,1.969385
-88,18,1.968452
-90,18,1.976063
-92,18,1.973559
-94,18,1.968193
-96,18,1.972565
-98,18,1.976131
-100,18,1.977299
-102,18,1.979416
-104,18,1.973156
-106,18,1.968954
-108,18,1.964605
-110,18,1.96823
-112,18,1.958151
-114,18,1.97537
-116,18,1.946452
-118,18,1.952739
-120,18,1.948126
-122,18,1.942636
-124,18,1.954244
-126,18,1.145033
-128,18,1.152443
-130,18,1.136312
-132,18,1.135864
-134,18,1.151029
-136,18,1.160638
-138,18,1.155938
-140,18,1.102569
-140,16,1.120313
-138,16,1.135694
-136,16,1.129118
-134,16,1.124166
-132,16,1.128846
-130,16,1.143232
-128,16,1.146095
-126,16,1.138986
-124,16,1.942898
-122,16,1.949404
-120,16,1.9565
-118,16,1.950429
-116,16,1.962373
-114,16,1.940722
-112,16,1.962592
-110,16,1.966239
-108,16,1.97582
-106,16,1.972588
-104,16,1.97569
-102,16,1.978138
-100,16,1.976336
-98,16,1.971117
-96,16,1.965449
-94,16,1.970799
-92,16,1.966375
-90,16,1.973229
-88,16,1.967661
-86,16,1.971337
-84,16,1.978618
-82,16,1.968488
-80,16,1.962589
-78,16,1.970577
-76,16,1.959013
-74,16,1.978715
-72,16,1.967758
-70,16,1.965282
-68,16,1.966724
-66,16,1.963015
-64,16,1.963236
-62,16,1.970234
-60,16,1.965186
-58,16,1.966903
-56,16,1.966793
-54,16,1.968355
-52,16,1.18392
-50,16,1.961588
-48,16,1.958046
-46,16,1.95548
-44,16,1.956471
-42,16,1.141736
-40,16,1.951188
-38,16,1.94244
-36,16,1.959177
-34,16,1.950941
-32,16,1.954394
-30,16,1.963593
-28,16,1.964825
-26,16,1.963568
-24,16,1.971572
-22,16,1.972463
-20,16,1.976489
-18,16,1.976887
-16,16,1.979253
-14,16,1.979839
-12,16,1.980036
-10,16,1.977239
-8,16,1.976564
-6,16,1.970096
-4,16,1.96844
-2,16,1.971401
0,16,1.969934
2,16,1.979416
4,16,1.978335
6,16,1.982478
8,16,1.983374
10,16,1.982608
12,16,1.991428
14,16,1.98747
16,16,1.988793
18,16,1.990758
20,16,1.991005
22,16,1.993509
24,16,1.98706
26,16,1.992104
28,16,1.982959
30,16,1.968959
32,16,1.964676
34,16,1.956399
36,16,1.978793
38,16,1.975921
40,16,1.975337
42,16,1.164051
44,16,1.966658
46,16,1.965285
48,16,1.96102
50,16,1.961766
52,16,1.961533
54,16,1.974416
56,16,1.97566
58,16,1.98124
60,16,1.981364
62,16,1.980019
64,16,1.977402
66,16,1.974878
68,16,1.97514
70,16,1.970312
72,16,1.973157
74,16,1.963636
76,16,1.980494
78,16,1.978414
80,16,1.97017
82,16,1.974826
84,16,1.972815
86,16,1.974862
88,16,1.974602
90,16,1.977539
92,16,1.974483
94,16,1.978651
96,16,1.976729
98,16,1.977255
100,16,1.983059
102,16,1.979328
104,16,1.978261
106,16,1.97874
108,16,1.976169
110,16,1.974819
112,16,1.971191
114,16,1.967806
116,16,1.974235
118,16,1.967935
120,16,1.972355
122,16,1.964763
124,16,1.980102
126,16,1.976193
128,16,1.155627
130,16,1.151174
132,16,1.144923
134,16,1.143929
136,16,1.167979
138,16,1.166917
140,16,1.174286
140,14,1.157965
138,14,1.185882
136,14,1.142351
134,14,1.144706
132,14,1.148599
130,14,1.157824
128,14,1.15925
126,14,1.97997
124,14,1.979936
122,14,1.978276
120,14,1.968354
118,14,1.970913
116,14,1.974428
114,14,1.960383
112,14,1.966371
110,14,1.966019
108,14,1.96777
106,14,1.964315
104,14,1.967963
102,14,1.969949
100,14,1.976011
98,14,1.980302
96,14,1.980258
94,14,1.982702
92,14,1.98109
90,14,1.97482
88,14,1.969586
86,14,1.971691
84,14,1.961019
82,14,1.96119
80,14,1.95344
78,14,1.961223
76,14,1.968956
74,14,1.959411
72,14,1.961273
70,14,1.963158
68,14,1.966741
66,14,1.968807
64,14,1.970588
62,14,1.973931
60,14,1.976075
58,14,1.971113
56,14,1.97692
54,14,1.973348
52,14,1.968767
50,14,1.964876
48,14,1.9667
46,14,1.963854
44,14,1.972822
42,14,1.155643
40,14,1.980253
38,14,1.963795
36,14,1.960617
34,14,1.961735
32,14,1.9679
30,14,1.962323
28,14,1.973231
26,14,1.974457
24,14,1.980439
22,14,1.979761
20,14,1.982602
18,14,1.977048
16,14,1.980846
14,14,1.974752
12,14,1.981685
10,14,1.966449
8,14,1.96996
6,14,1.965938
4,14,1.976607
2,14,1.970636
0,14,1.96515
-2,14,1.966076
-4,14,1.963766
-6,14,1.965438
-8,14,1.970718
-10,14,1.973139
-12,14,1.969427
-14,14,1.96563
-16,14,1.971708
-18,14,1.967483
-20,14,1.971824
-22,14,1.964612
-24,14,1.958432
-26,14,1.951844
-28,14,1.95323
-30,14,1.94349
-32,14,1.945444
-34,14,1.9542
-36,14,1.172731
-38,14,1.173384
-40,14,1.14215
-42,14,1.167029
-44,14,1.128197
-46,14,1.118734
-48,14,1.145629
-50,14,1.136241
-52,14,1.145157
-54,14,1.138028
-56,14,1.156765
-58,14,1.145779
-60,14,1.15706
-62,14,1.144628
-64,14,1.16002
-66,14,1.156226
-68,14,1.152097
-70,14,1.139707
-72,14,1.972015
-74,14,1.967295
-76,14,1.956952
-78,14,1.964525
-80,14,1.967098
-82,14,1.968902
-84,14,1.967644
-86,14,1.966691
-88,14,1.961642
-90,14,1.964581
-92,14,1.966334
-94,14,1.955654
-96,14,1.960541
-98,14,1.96833
-100,14,1.96828
-102,14,1.978951
-104,14,1.978044
-106,14,1.981547
-108,14,1.973662
-110,14,1.979268
-112,14,1.965953
-114,14,1.971858
-116,14,1.955569
-118,14,1.962211
-120,14,1.969322
-122,14,1.951708
-124,14,1.944789
-126,14,1.116649
-128,14,1.170559
-130,14,1.163231
-132,14,1.155035
-134,14,1.200949
-136,14,1.113267
-138,14,1.15325
-140,14,1.114237
-140,12,1.191853
-138,12,1.157829
-136,12,1.163992
-134,12,1.141825
-132,12,1.142484
-130,12,1.177035
-128,12,1.142632
-126,12,1.144715
-124,12,1.965188
-122,12,1.966825
-120,12,1.949018
-118,12,1.960052
-116,12,1.942549
-114,12,1.955407
-112,12,1.950668
-110,12,1.95613
-108,12,1.964354
-106,12,1.966272
-104,12,1.961093
-102,12,1.965132
-100,12,1.962885
-98,12,1.954754
-96,12,1.958155
-94,12,1.955679
-92,12,1.959207
-90,12,1.95447
-88,12,1.948562
-86,12,1.954289
-84,12,1.9541
-82,12,1.975168
-80,12,1.946548
-78,12,1.956943
-76,12,1.962171
-74,12,1.959989
-72,12,1.96059
-70,12,1.953225
-68,12,1.9564
-66,12,1.954882
-64,12,1.949466
-62,12,1.966029
-60,12,1.962283
-58,12,1.956139
-56,12,1.953654
-54,12,1.948639
-52,12,1.957757
-50,12,1.970311
-48,12,1.974219
-46,12,1.962471
-44,12,1.965442
-42,12,1.138511
-40,12,1.950146
-38,12,1.950045
-36,12,1.9716
-34,12,1.961284
-32,12,1.96051
-30,12,1.944628
-28,12,1.944818
-26,12,1.956839
-24,12,1.957446
-22,12,1.963534
-20,12,1.969002
-18,12,1.966536
-16,12,1.96604
-14,12,1.96668
-12,12,1.96578
-10,12,1.968137
-8,12,1.97219
-6,12,1.967393
-4,12,1.967436
-2,12,1.962361
0,12,1.962389
2,12,1.963162
4,12,1.963802
6,12,1.968367
8,12,1.961325
10,12,1.97025
12,12,1.976286
14,12,1.976796
16,12,1.975683
18,12,1.979862
20,12,1.976891
22,12,1.97817
24,12,1.975403
26,12,1.971805
28,12,1.96671
30,12,1.965646
32,12,1.96706
34,12,1.977801
36,12,1.967364
38,12,1.976159
40,12,1.979443
42,12,1.188888
44,12,1.966483
46,12,1.967074
48,12,1.969087
50,12,1.963571
52,12,1.970435
54,12,1.958551
56,12,1.96348
58,12,1.970468
60,12,1.971016
62,12,1.978151
64,12,1.981989
66,12,1.975976
68,12,1.972852
70,12,1.965339
72,12,1.958803
74,12,1.952666
76,12,1.968515
78,12,1.96813
80,12,1.959609
82,12,1.963504
84,12,1.958582
86,12,1.964978
88,12,1.96798
90,12,1.972271
92,12,1.966676
94,12,1.958171
96,12,1.969405
98,12,1.970704
100,12,1.964733
102,12,1.965484
104,12,1.961428
106,12,1.965441
108,12,1.964651
110,12,1.968674
112,12,1.964301
114,12,1.971165
116,12,1.974896
118,12,1.973284
120,12,1.977724
122,12,1.966345
124,12,1.964525
126,12,1.976775
128,12,1.16221
130,12,1.154024
132,12,1.160493
134,12,1.156456
136,12,1.178447
138,12,1.167662
140,12,1.167896
140,10,1.151782
138,10,1.154683
136,10,1.143941
134,10,1.157264
132,10,1.165962
130,10,1.175004
128,10,1.148607
126,10,1.977402
124,10,1.975987
122,10,1.963371
120,10,1.970712
118,10,1.963391
116,10,1.97576
114,10,1.970467
112,10,1.973934
110,10,1.971449
108,10,1.967291
106,10,1.963006
104,10,1.982071
102,10,1.977677
100,10,1.971539
98,10,1.968568
96,10,1.954805
94,10,1.968031
92,10,1.963685
90,10,1.96547
88,10,1.95835
86,10,1.962265
84,10,1.962797
82,10,1.96682
80,10,1.961545
78,10,1.965416
76,10,1.989747
74,10,1.953339
72,10,1.954372
70,10,1.95769
68,10,1.971169
66,10,1.969617
64,10,1.969103
62,10,1.972494
60,10,1.97183
58,10,1.975651
56,10,1.960796
54,10,1.968868
52,10,1.973939
50,10,1.978681
48,10,1.975746
46,10,1.979647
44,10,1.982308
42,10,1.173728
40,10,1.965874
38,10,1.972652
36,10,1.956511
34,10,1.97052
32,10,1.958612
30,10,1.963384
28,10,1.964459
26,10,1.965125
24,10,1.971708
22,10,1.971365
20,10,1.978255
18,10,1.973912
16,10,1.978184
14,10,1.978875
12,10,1.96842
10,10,1.974892
8,10,1.963787
6,10,1.951681
4,10,1.966914
2,10,1.963949
0,10,1.970233
-2,10,1.966424
-4,10,1.967664
-6,10,1.966466
-8,10,1.964847
-10,10,1.967843
-12,10,1.963676
-14,10,1.965328
-16,10,1.965455
-18,10,1.970644
-20,10,1.966927
-22,10,1.960478
-24,10,1.96346
-26,10,1.953292
-28,10,1.951706
-30,10,1.955812
-32,10,1.946396
-34,10,1.965028
-36,10,1.967101
-38,10,1.963469
-40,10,1.962073
-42,10,1.156244
-44,10,1.979978
-46,10,1.981541
-48,10,1.977211
-50,10,1.981439
-52,10,1.964925
-54,10,1.968563
-56,10,1.96985
-58,10,1.972485
-60,10,1.977251
-62,10,1.976526
-64,10,1.981327
-66,10,1.970098
-68,10,1.969064
-70,10,1.967362
-72,10,1.95655
-74,10,1.953908
-76,10,1.957433
-78,10,1.967106
-80,10,1.945635
-82,10,1.935531
-84,10,1.951373
-86,10,1.958216
-88,10,1.958331
-90,10,1.962207
-92,10,1.963251
-94,10,1.966088
-96,10,1.962314
-98,10,1.965947
-100,10,1.962699
-102,10,1.963235
-104,10,1.965862
-106,10,1.96239
-108,10,1.961247
-110,10,1.961596
-112,10,1.961672
-114,10,1.956354
-116,10,1.948522
-118,10,1.953351
-120,10,1.954406
-122,10,1.961942
-124,10,1.974736
-126,10,1.156021
-128,10,1.156609
-130,10,1.130767
-132,10,1.138784
-134,10,1.149238
-136,10,1.140523
-138,10,1.135047
-140,10,1.170681
-140,8,1.185235
-138,8,1.148692
-136,8,1.151702
-134,8,1.147662
-132,8,1.139785
-130,8,1.14393
-128,8,1.146804
-126,8,1.167348
-124,8,1.948305
-122,8,1.953055
-120,8,1.949507
-118,8,1.958108
-116,8,1.956458
-114,8,1.95268
-112,8,1.952219
-110,8,1.955007
-108,8,1.957246
-106,8,1.952189
-104,8,1.95687
-102,8,1.958006
-100,8,1.952727
-98,8,1.951209
-96,8,1.95431
-94,8,1.948616
-92,8,1.958339
-90,8,1.954033
-88,8,1.954123
-86,8,1.95476
-84,8,1.946664
-82,8,1.953057
-80,8,1.954869
-78,8,1.976755
-76,8,1.950174
-74,8,1.958053
-72,8,1.960668
-70,8,1.959306
-68,8,1.9521
-66,8,1.957108
-64,8,1.9555
-62,8,1.951621
-60,8,1.956598
-58,8,1.959774
-56,8,1.956991
-54,8,1.957288
-52,8,1.962808
-50,8,1.977638
-48,8,1.977331
-46,8,1.981539
-44,8,1.982741
-42,8,1.143687
-40,8,1.982572
-38,8,1.976159
-36,8,1.963037
-34,8,1.976389
-32,8,1.960057
-30,8,1.957376
-28,8,1.960178
-26,8,1.961163
-24,8,1.958668
-22,8,1.965936
-20,8,1.956771
-18,8,1.964467
-16,8,1.963476
-14,8,1.962007
-12,8,1.967829
-10,8,1.973396
-8,8,1.966465
-6,8,1.957625
-4,8,1.991837
-2,8,1.981984
0,8,1.973968
2,8,1.967575
4,8,1.957465
6,8,1.963778
8,8,1.98053
10,8,1.970325
12,8,1.977862
14,8,1.974227
16,8,1.97186
18,8,1.97239
20,8,1.969451
22,8,1.969428
24,8,1.967124
26,8,1.965134
28,8,1.960954
30,8,1.962559
32,8,1.958828
34,8,1.973107
36,8,1.968299
38,8,1.970888
40,8,1.973496
42,8,1.137612
44,8,1.967235
46,8,1.968582
48,8,1.969175
50,8,1.966099
52,8,1.973984
54,8,1.971816
56,8,1.966191
58,8,1.965049
60,8,1.960659
62,8,1.959832
64,8,1.961108
66,8,1.966262
68,8,1.967197
70,8,1.970171
72,8,1.967571
74,8,1.969236
76,8,1.987825
78,8,1.968191
80,8,1.95844
82,8,1.959927
84,8,1.958198
86,8,1.9651
88,8,1.965808
90,8,1.963826
92,8,1.967616
94,8,1.965742
96,8,1.956439
98,8,1.962053
100,8,1.966251
102,8,1.962169
104,8,1.96962
106,8,1.968031
108,8,1.968283
110,8,1.971043
112,8,1.963435
114,8,1.963011
116,8,1.980888
118,8,1.975788
120,8,1.972575
122,8,1.966789
124,8,1.969302
126,8,1.965109
128,8,1.140737
130,8,1.153135
132,8,1.16189
134,8,1.159629
136,8,1.147231
138,8,1.154064
140,8,1.145849
140,6,1.165542
138,6,1.159062
136,6,1.151532
134,6,1.133174
132,6,1.132198
130,6,1.1487
128,6,1.145917
126,6,1.966982
124,6,1.977077
122,6,1.980316
120,6,1.97713
118,6,1.957303
116,6,1.958034
114,6,1.963931
112,6,1.965031
110,6,1.973478
108,6,1.971468
106,6,1.973261
104,6,1.961447
102,6,1.961226
100,6,1.963259
98,6,1.963325
96,6,1.954376
94,6,1.964835
92,6,1.962954
90,6,1.965826
88,6,1.967735
86,6,1.966442
84,6,1.960755
82,6,1.962825
80,6,1.958721
78,6,1.948883
76,6,1.964474
74,6,1.977882
72,6,1.970385
70,6,1.976038
68,6,1.969494
66,6,1.971032
64,6,1.959524
62,6,1.963313
60,6,1.960589
58,6,1.963321
56,6,1.963212
54,6,1.974766
52,6,1.97774
50,6,1.971957
48,6,1.968613
46,6,1.960929
44,6,1.982041
42,6,1.171607
40,6,1.961795
38,6,1.982297
36,6,1.964501
34,6,1.975777
32,6,1.958163
30,6,1.959569
28,6,1.960319
26,6,1.96524
24,6,1.959799
22,6,1.973333
20,6,1.968799
18,6,1.962776
16,6,1.969928
14,6,1.967232
12,6,1.975031
10,6,1.964577
8,6,1.97611
6,6,1.958195
4,6,1.946118
2,6,1.956055
0,6,1.954171
-2,6,1.966384
-4,6,1.966974
-6,6,1.967264
-8,6,1.96962
-10,6,1.970756
-12,6,1.961494
-14,6,1.963132
-16,6,1.95991
-18,6,1.959534
-20,6,1.958317
-22,6,1.951532
-24,6,1.952513
-26,6,1.954415
-28,6,1.957315
-30,6,1.954972
-32,6,1.95963
-34,6,1.956316
-36,6,1.98241
-38,6,1.953764
-40,6,1.962794
-42,6,1.129172
-44,6,1.964225
-46,6,1.962961
-48,6,1.963161
-50,6,1.96436
-52,6,1.955129
-54,6,1.948337
-56,6,1.953528
-58,6,1.956898
-60,6,1.953313
-62,6,1.95913
-64,6,1.955461
-66,6,1.956347
-68,6,1.95416
-70,6,1.945739
-72,6,1.950378
-74,6,1.949004
-76,6,1.954523
-78,6,1.955325
-80,6,1.957317
-82,6,1.956339
-84,6,1.959248
-86,6,1.964764
-88,6,1.962817
-90,6,1.95979
-92,6,1.958748
-94,6,1.95863
-96,6,1.955892
-98,6,1.960719
-100,6,1.958291
-102,6,1.956458
-104,6,1.957485
-106,6,1.955869
-108,6,1.950524
-110,6,1.947458
-112,6,1.937066
-114,6,1.938332
-116,6,1.958033
-118,6,1.948781
-120,6,1.962268
-122,6,1.96521
-124,6,1.958673
-126,6,1.112978
-128,6,1.143558
-130,6,1.122074
-132,6,1.123269
-134,6,1.144734
-136,6,1.118784
-138,6,1.134518
-140,6,1.133149
-140,4,1.134245
-138,4,1.125912
-136,4,1.134746
-134,4,1.149793
-132,4,1.129544
-130,4,1.155625
-128,4,1.143766
-126,4,1.121366
-124,4,1.955906
-122,4,1.968015
-120,4,1.969283
-118,4,1.964519
-116,4,1.962894
-114,4,1.955533
-112,4,1.95641
-110,4,1.948706
-108,4,1.945987
-106,4,1.940452
-104,4,1.94911
-102,4,1.959674
-100,4,1.964529
-98,4,1.960915
-96,4,1.97095
-94,4,1.972573
-92,4,1.966812
-90,4,1.95825
-88,4,1.953876
-86,4,1.944292
-84,4,1.940199
-82,4,1.954182
-80,4,1.959397
-78,4,1.972565
-76,4,1.962253
-74,4,1.959593
-72,4,1.963074
-70,4,1.962382
-68,4,1.958574
-66,4,1.962471
-64,4,1.960688
-62,4,1.961477
-60,4,1.959344
-58,4,1.953247
-56,4,1.950835
-54,4,1.944448
-52,4,1.955774
-50,4,1.968397
-48,4,1.968608
-46,4,1.976146
-44,4,1.976461
-42,4,1.144445
-40,4,1.94967
-38,4,1.952547
-36,4,1.961697
-34,4,1.975311
-32,4,1.936205
-30,4,1.94328
-28,4,1.943876
-26,4,1.958257
-24,4,1.964659
-22,4,1.964051
-20,4,1.974129
-18,4,1.967593
-16,4,1.959782
-14,4,1.965012
-12,4,1.959613
-10,4,1.969738
-8,4,1.962363
-6,4,1.957072
-4,4,1.958605
-2,4,1.959842
0,4,1.959749
2,4,1.962271
4,4,1.964706
6,4,1.950705
8,4,1.968673
10,4,1.97169
12,4,1.972018
14,4,1.966178
16,4,1.959317
18,4,1.963943
20,4,1.961388
22,4,1.964689
24,4,1.956549
26,4,1.965591
28,4,1.959983
30,4,1.960367
32,4,1.957347
34,4,1.965545
36,4,1.994595
38,4,1.967851
40,4,1.970666
42,4,1.14923
44,4,1.971853
46,4,1.982373
48,4,1.97684
50,4,1.974474
52,4,1.970553
54,4,1.957596
56,4,1.955845
58,4,1.956374
60,4,1.965907
62,4,1.96906
64,4,1.974016
66,4,1.97148
68,4,1.9711
70,4,1.9698
72,4,1.964444
74,4,1.967274
76,4,1.958114
78,4,1.965351
80,4,1.963804
82,4,1.966405
84,4,1.966466
86,4,1.954934
88,4,1.963976
90,4,1.973484
92,4,1.964589
94,4,1.961108
96,4,1.960959
98,4,1.962401
100,4,1.966212
102,4,1.965595
104,4,1.963073
106,4,1.969324
108,4,1.968252
110,4,1.967133
112,4,1.966994
114,4,1.96816
116,4,1.96387
118,4,1.972347
120,4,1.963977
122,4,1.974433
124,4,1.981318
126,4,1.972814
128,4,1.140592
130,4,1.133586
132,4,1.145272
134,4,1.140651
136,4,1.166126
138,4,1.169252
140,4,1.159437
140,2,1.1963
138,2,1.173128
136,2,1.15473
134,2,1.163085
132,2,1.139254
130,2,1.146791
128,2,1.139685
126,2,1.964805
124,2,1.973166
122,2,1.982196
120,2,1.984451
118,2,1.961655
116,2,1.967453
114,2,1.956327
112,2,1.96317
110,2,1.960759
108,2,1.969149
106,2,1.96363
104,2,1.95922
102,2,1.967021
100,2,1.969942
98,2,1.967831
96,2,1.964283
94,2,1.962151
92,2,1.961228
90,2,1.967084
88,2,1.96773
86,2,1.978107
84,2,1.964336
82,2,1.962749
80,2,1.954699
78,2,1.962356
76,2,1.96021
74,2,1.954135
72,2,1.960623
70,2,1.972517
68,2,1.966169
66,2,1.969541
64,2,1.974373
62,2,1.965909
60,2,1.966297
58,2,1.959191
56,2,1.953159
54,2,1.956199
52,2,1.966236
50,2,1.962455
48,2,1.964382
46,2,1.95879
44,2,1.97486
42,2,1.140148
40,2,1.979973
38,2,1.971861
36,2,1.986859
34,2,1.963279
32,2,1.955967
30,2,1.953078
28,2,1.958712
26,2,1.95681
24,2,1.960584
22,2,1.962748
20,2,1.960996
18,2,1.965076
16,2,1.963379
14,2,1.964807
12,2,1.972697
10,2,1.969738
8,2,1.96732
6,2,1.961799
4,2,1.961812
2,2,1.963009
0,2,1.955188
-2,2,1.961642
-4,2,1.957365
-6,2,1.961692
-8,2,1.96344
-10,2,1.973277
-12,2,1.961515
-14,2,1.965577
-16,2,1.96668
-18,2,1.972428
-20,2,1.974293
-22,2,1.963336
-24,2,1.966006
-26,2,1.961509
-28,2,1.958556
-30,2,1.954102
-32,2,1.953495
-34,2,1.950807
-36,2,1.962159
-38,2,1.960366
-40,2,1.951065
-42,2,1.134398
-44,2,1.978827
-46,2,1.967667
-48,2,1.967408
-50,2,1.963036
-52,2,1.952692
-54,2,1.958047
-56,2,1.956177
-58,2,1.963144
-60,2,1.966576
-62,2,1.960914
-64,2,1.957466
-66,2,1.958445
-68,2,1.957418
-70,2,1.957649
-72,2,1.958305
-74,2,1.962443
-76,2,1.949734
-78,2,1.951337
-80,2,1.957981
-82,2,1.967125
-84,2,1.94905
-86,2,1.947791
-88,2,1.951506
-90,2,1.965227
-92,2,1.962621
-94,2,1.96951
-96,2,1.963585
-98,2,1.956711
-100,2,1.956465
-102,2,1.947928
-104,2,1.953233
-106,2,1.95015
-108,2,1.94584
-110,2,1.940662
-112,2,1.946168
-114,2,1.943328
-116,2,1.943854
-118,2,1.947785
-120,2,1.968182
-122,2,1.950719
-124,2,1.956483
-126,2,1.141728
-128,2,1.143529
-130,2,1.130947
-132,2,1.144466
-134,2,1.1257
-136,2,1.138603
-138,2,1.12854
-140,2,1.14123
-142,0,1.122001
-140,0,1.138141
-138,0,1.126915
-136,0,1.117068
-134,0,1.13722
-132,0,1.132727
-130,0,1.128795
-128,0,1.13897
-126,0,1.172866
-124,0,1.151999
-122,0,1.163554
-120,0,1.170259
-118,0,1.137381
-116,0,1.152415
-114,0,1.152776
-112,0,1.15062
-110,0,1.157063
-108,0,1.162236
-106,0,1.161413
-104,0,1.161524
-102,0,1.145381
-100,0,1.173978
-98,0,1.158817
-96,0,1.168355
-94,0,1.166089
-92,0,1.15355
-90,0,1.157544
-88,0,1.156705
-86,0,1.143208
-84,0,1.15196
-82,0,1.137765
-80,0,1.160856
-78,0,1.162415
-76,0,1.16554
-74,0,1.170476
-72,0,1.159825
-70,0,1.16351
-68,0,1.166179
-66,0,1.170199
-64,0,1.138808
-62,0,1.148885
-60,0,1.153689
-58,0,1.167515
-56,0,1.155149
-54,0,1.152848
-52,0,1.154055
-50,0,1.156179
-48,0,1.147619
-46,0,1.139588
-44,0,1.138012
-42,0,1.147161
-40,0,1.150933
-38,0,1.158029
-36,0,1.155185
-34,0,1.143644
-32,0,1.133035
-30,0,1.142418
-28,0,1.152255
-26,0,1.151671
-24,0,1.150839
-22,0,1.147541
-20,0,1.151352
-18,0,1.157048
-16,0,1.153518
-14,0,1.155431
-12,0,1.157658
-10,0,1.148883
-8,0,1.15751
-6,0,1.150109
-4,0,1.149439
-2,0,1.165169
0,0,1.140705
2,0,1.147429
4,0,1.15219
6,0,1.155056
8,0,1.157252
10,0,1.155499
12,0,1.161012
14,0,1.154959
16,0,1.154285
18,0,1.153686
20,0,1.156057
22,0,1.152243
24,0,1.153375
26,0,1.154243
28,0,1.149521
30,0,1.146347
32,0,1.142183
34,0,1.147792
36,0,1.139673
38,0,1.145145
40,0,1.147109
42,0,1.14556
44,0,1.14364
46,0,1.149373
48,0,1.150221
50,0,1.162475
52,0,1.155304
54,0,1.163588
56,0,1.147526
58,0,1.131315
60,0,1.155593
62,0,1.164568
64,0,1.171169
66,0,1.155817
68,0,1.156193
70,0,1.157013
72,0,1.145619
74,0,1.151628
76,0,1.164689
78,0,1.16248
80,0,1.146826
82,0,1.164413
84,0,1.164062
86,0,1.168581
88,0,1.153158
90,0,1.14503
92,0,1.160101
94,0,1.165144
96,0,1.164064
98,0,1.165738
100,0,1.169551
102,0,1.167776
104,0,1.149853
106,0,1.156265
108,0,1.156539
110,0,1.158423
112,0,1.15902
114,0,1.158158
116,0,1.159428
118,0,1.255022
120,0,1.153024
122,0,1.200364
124,0,1.15304
126,0,1.161457
128,0,1.146173
130,0,1.179557
132,0,1.122597
134,0,1.135118
136,0,1.159686
138,0,1.150324
140,0,1.203796
142,0,1.186475
140,-2,1.170379
138,-2,1.173488
136,-2,1.162836
134,-2,1.145549
132,-2,1.139916
130,-2,1.152516
128,-2,1.169142
126,-2,1.972295
124,-2,1.967148
122,-2,1.970198
120,-2,1.966341
118,-2,1.954702
116,-2,1.966024
114,-2,1.96714
112,-2,1.964907
110,-2,1.968615
108,-2,1.958106
106,-2,1.961896
104,-2,1.96151
102,-2,1.966335
100,-2,1.96804
98,-2,1.976747
96,-2,1.971513
94,-2,1.957614
92,-2,1.961177
90,-2,1.960025
88,-2,1.963256
86,-2,1.962528
84,-2,1.96064
82,-2,1.95733
80,-2,1.963654
78,-2,1.963612
76,-2,1.970671
74,-2,1.96635
72,-2,1.963957
70,-2,1.956825
68,-2,1.962233
66,-2,1.955131
64,-2,1.974864
62,-2,1.967371
60,-2,1.961525
58,-2,1.955252
56,-2,1.950569
54,-2,1.955992
52,-2,1.96558
50,-2,1.967948
48,-2,1.967835
46,-2,1.979531
44,-2,1.959546
42,-2,1.136315
40,-2,1.951686
38,-2,1.968738
36,-2,1.962713
34,-2,1.964358
32,-2,1.955071
30,-2,1.960109
28,-2,1.957376
26,-2,1.963656
24,-2,1.962047
22,-2,1.964155
20,-2,1.962742
18,-2,1.963421
16,-2,1.962715
14,-2,1.965235
12,-2,1.975641
10,-2,1.959123
8,-2,1.968794
6,-2,1.97221
4,-2,1.961604
2,-2,1.959668
0,-2,1.96274
-2,-2,1.959448
-4,-2,1.966016
-6,-2,1.959182
-8,-2,1.972301
-10,-2,1.965518
-12,-2,1.966474
-14,-2,1.964468
-16,-2,1.96762
-18,-2,1.96098
-20,-2,1.960518
-22,-2,1.951782
-24,-2,1.951742
-26,-2,1.948584
-28,-2,1.951916
-30,-2,1.948881
-32,-2,1.947815
-34,-2,1.9637
-36,-2,1.957851
-38,-2,1.957898
-40,-2,1.956456
-42,-2,1.146221
-44,-2,1.956969
-46,-2,1.965747
-48,-2,1.967318
-50,-2,1.975592
-52,-2,1.967316
-54,-2,1.970302
-56,-2,1.967931
-58,-2,1.969025
-60,-2,1.958778
-62,-2,1.955047
-64,-2,1.947546
-66,-2,1.94736
-68,-2,1.946778
-70,-2,1.950171
-72,-2,1.956819
-74,-2,1.957144
-76,-2,1.952995
-78,-2,1.942306
-80,-2,1.958698
-82,-2,1.946795
-84,-2,1.954494
-86,-2,1.949818
-88,-2,1.952885
-90,-2,1.94936
-92,-2,1.954618
-94,-2,1.953221
-96,-2,1.950377
-98,-2,1.948372
-100,-2,1.958234
-102,-2,1.954661
-104,-2,1.960622
-106,-2,1.958695
-108,-2,1.952
-110,-2,1.948558
-112,-2,1.949174
-114,-2,1.944376
-116,-2,1.963315
-118,-2,1.964396
-120,-2,1.959906
-122,-2,1.965449
-124,-2,1.957543
-126,-2,1.133464
-128,-2,1.139134
-130,-2,1.158819
-132,-2,1.151348
-134,-2,1.149956
-136,-2,1.126372
-138,-2,1.146066
-140,-2,1.140378
-140,-4,1.119057
-138,-4,1.131778
-136,-4,1.153155
-134,-4,1.145315
-132,-4,1.150755
-130,-4,1.136756
-128,-4,1.173595
-126,-4,1.125507
-124,-4,1.960414
-122,-4,1.96091
-120,-4,1.976502
-118,-4,1.973594
-116,-4,1.965901
-114,-4,1.944529
-112,-4,1.949585
-110,-4,1.95832
-108,-4,1.959462
-106,-4,1.959768
-104,-4,1.960242
-102,-4,1.961409
-100,-4,1.964345
-98,-4,1.961194
-96,-4,1.955446
-94,-4,1.947966
-92,-4,1.945416
-90,-4,1.952828
-88,-4,1.959646
-86,-4,1.962285
-84,-4,1.945094
-82,-4,1.951713
-80,-4,1.937497
-78,-4,1.942155
-76,-4,1.95515
-74,-4,1.960771
-72,-4,1.954185
-70,-4,1.960016
-68,-4,1.956484
-66,-4,1.945533
-64,-4,1.943986
-62,-4,1.946396
-60,-4,1.956796
-58,-4,1.967315
-56,-4,1.962442
-54,-4,1.972091
-52,-4,1.969731
-50,-4,1.977845
-48,-4,1.966611
-46,-4,1.971082
-44,-4,1.962202
-42,-4,1.143505
-40,-4,1.967864
-38,-4,1.94866
-36,-4,1.964286
-34,-4,1.975803
-32,-4,1.947038
-30,-4,1.948298
-28,-4,1.954061
-26,-4,1.948293
-24,-4,1.946986
-22,-4,1.947766
-20,-4,1.952392
-18,-4,1.955869
-16,-4,1.963313
-14,-4,1.964438
-12,-4,1.970267
-10,-4,1.965068
-8,-4,1.976052
-6,-4,1.956954
-4,-4,1.963134
-2,-4,1.965029
0,-4,1.958034
2,-4,1.958265
4,-4,1.961079
6,-4,1.974009
8,-4,1.970388
10,-4,1.956876
12,-4,1.973806
14,-4,1.967221
16,-4,1.963808
18,-4,1.964669
20,-4,1.96344
22,-4,1.965788
24,-4,1.967955
26,-4,1.964613
28,-4,1.961233
30,-4,1.9661
32,-4,1.96133
34,-4,1.967523
36,-4,1.972648
38,-4,1.958386
40,-4,1.958821
42,-4,1.145417
44,-4,1.968533
46,-4,1.976523
48,-4,1.973155
50,-4,1.968942
52,-4,1.973529
54,-4,1.954171
56,-4,1.947371
58,-4,1.958448
60,-4,1.958324
62,-4,1.966857
64,-4,1.974576
66,-4,1.956988
68,-4,1.956476
70,-4,1.960525
72,-4,1.962524
74,-4,1.960992
76,-4,1.971458
78,-4,1.970835
80,-4,1.959627
82,-4,1.956956
84,-4,1.953862
86,-4,1.954902
88,-4,1.952678
90,-4,1.953595
92,-4,1.960273
94,-4,1.956484
96,-4,1.975217
98,-4,1.977563
100,-4,1.97365
102,-4,1.964883
104,-4,1.959156
106,-4,1.959061
108,-4,1.960464
110,-4,1.962322
112,-4,1.958874
114,-4,1.955106
116,-4,1.957843
118,-4,1.971143
120,-4,1.969084
122,-4,1.993166
124,-4,1.973129
126,-4,1.970258
128,-4,1.157349
130,-4,1.1534
132,-4,1.155056
134,-4,1.120972
136,-4,1.155209
138,-4,1.156716
140,-4,1.169451
140,-6,1.170893
138,-6,1.143468
136,-6,1.160463
134,-6,1.1658
132,-6,1.160755
130,-6,1.1654
128,-6,1.175492
126,-6,1.977666
124,-6,1.965298
122,-6,1.958253
120,-6,1.970291
118,-6,1.952147
116,-6,1.965429
114,-6,1.96547
112,-6,1.970006
110,-6,1.969043
108,-6,1.974534
106,-6,1.971812
104,-6,1.971619
102,-6,1.968922
100,-6,1.965869
98,-6,1.963008
96,-6,1.95561
94,-6,1.959319
92,-6,1.958495
90,-6,1.963699
88,-6,1.959978
86,-6,1.96354
84,-6,1.966094
82,-6,1.946556
80,-6,1.957296
78,-6,1.968377
76,-6,1.974802
74,-6,1.953771
72,-6,1.956591
70,-6,1.958427
68,-6,1.953183
66,-6,1.95691
64,-6,1.972096
62,-6,1.968543
60,-6,1.967521
58,-6,1.965477
56,-6,1.961676
54,-6,1.962983
52,-6,1.975409
50,-6,1.97237
48,-6,1.971533
46,-6,1.965613
44,-6,1.93893
42,-6,1.137618
40,-6,1.985063
38,-6,1.95894
36,-6,1.968873
34,-6,1.964788
32,-6,1.958594
30,-6,1.964633
28,-6,1.962432
26,-6,1.967735
24,-6,1.972298
22,-6,1.971329
20,-6,1.97378
18,-6,1.975901
16,-6,1.97055
14,-6,1.96632
12,-6,1.969876
10,-6,1.968673
8,-6,1.957565
6,-6,1.96402
4,-6,1.96862
2,-6,1.972536
0,-6,1.971206
-2,-6,1.973065
-4,-6,1.970715
-6,-6,1.96745
-8,-6,1.970923
-10,-6,1.958769
-12,-6,1.964282
-14,-6,1.960147
-16,-6,1.961902
-18,-6,1.958762
-20,-6,1.958119
-22,-6,1.951332
-24,-6,1.95224
-26,-6,1.95102
-28,-6,1.952222
-30,-6,1.949479
-32,-6,1.950049
-34,-6,1.95439
-36,-6,1.957933
-38,-6,1.969757
-40,-6,1.956887
-42,-6,1.165112
-44,-6,1.959034
-46,-6,1.959085
-48,-6,1.963204
-50,-6,1.96055
-52,-6,1.954297
-54,-6,1.952151
-56,-6,1.951508
-58,-6,1.956635
-60,-6,1.959336
-62,-6,1.958802
-64,-6,1.955867
-66,-6,1.963689
-68,-6,1.964412
-70,-6,1.967051
-72,-6,1.965599
-74,-6,1.96866
-76,-6,1.964509
-78,-6,1.963914
-80,-6,1.967426
-82,-6,1.967164
-84,-6,1.961896
-86,-6,1.962161
-88,-6,1.962974
-90,-6,1.967815
-92,-6,1.964029
-94,-6,1.968203
-96,-6,1.961212
-98,-6,1.956835
-100,-6,1.955052
-102,-6,1.945341
-104,-6,1.940879
-106,-6,1.939142
-108,-6,1.943508
-110,-6,1.946804
-112,-6,1.953907
-114,-6,1.951021
-116,-6,1.948078
-118,-6,1.963772
-120,-6,1.95488
-122,-6,1.963614
-124,-6,1.95866
-126,-6,1.130925
-128,-6,1.144852
-130,-6,1.157282
-132,-6,1.146664
-134,-6,1.153713
-136,-6,1.139077
-138,-6,1.138052
-140,-6,1.136814
-140,-8,1.133435
-138,-8,1.132832
-136,-8,1.132277
-134,-8,1.137244
-132,-8,1.121938
-130,-8,1.138532
-128,-8,1.139579
-126,-8,1.145594
-124,-8,1.965123
-122,-8,1.971604
-120,-8,1.976046
-118,-8,1.956928
-116,-8,1.93914
-114,-8,1.945601
-112,-8,1.949744
-110,-8,1.955333
-108,-8,1.961611
-106,-8,1.965422
-104,-8,1.963539
-102,-8,1.961815
-100,-8,1.961419
-98,-8,1.961109
-96,-8,1.953998
-94,-8,1.9555
-92,-8,1.960934
-90,-8,1.962303
-88,-8,1.959537
-86,-8,1.949024
-84,-8,1.948414
-82,-8,1.96425
-80,-8,1.949984
-78,-8,1.963041
-76,-8,1.948089
-74,-8,1.965362
-72,-8,1.968721
-70,-8,1.959882
-68,-8,1.958261
-66,-8,1.959461
-64,-8,1.96485
-62,-8,1.965362
-60,-8,1.963382
-58,-8,1.952433
-56,-8,1.951093
-54,-8,1.953288
-52,-8,1.950588
-50,-8,1.960836
-48,-8,1.957071
-46,-8,1.958909
-44,-8,1.953293
-42,-8,1.153603
-40,-8,1.966908
-38,-8,1.95563
-36,-8,1.972253
-34,-8,1.979899
-32,-8,1.957449
-30,-8,1.959849
-28,-8,1.958798
-26,-8,1.953969
-24,-8,1.957431
-22,-8,1.958097
-20,-8,1.97322
-18,-8,1.967701
-16,-8,1.968512
-14,-8,1.973274
-12,-8,1.975515
-10,-8,1.978117
-8,-8,1.962387
-6,-8,1.959875
-4,-8,1.977305
-2,-8,1.9745
0,-8,1.971667
2,-8,1.963459
4,-8,1.962378
6,-8,1.967753
8,-8,1.971778
10,-8,1.976145
12,-8,1.971835
14,-8,1.970968
16,-8,1.968342
18,-8,1.971255
20,-8,1.982134
22,-8,1.986272
24,-8,1.965078
26,-8,1.966089
28,-8,1.97125
30,-8,1.963072
32,-8,1.959106
34,-8,1.975839
36,-8,1.988386
38,-8,1.963336
40,-8,1.967225
42,-8,1.136095
44,-8,1.966695
46,-8,1.97152
48,-8,1.96898
50,-8,1.972826
52,-8,1.973602
54,-8,1.958621
56,-8,1.956479
58,-8,1.963383
60,-8,1.960227
62,-8,1.965068
64,-8,1.96639
66,-8,1.962475
68,-8,1.95867
70,-8,1.958117
72,-8,1.962677
74,-8,1.95609
76,-8,1.954154
78,-8,1.969537
80,-8,1.973693
82,-8,1.963488
84,-8,1.96056
86,-8,1.956065
88,-8,1.958693
90,-8,1.957559
92,-8,1.95732
94,-8,1.957561
96,-8,1.959564
98,-8,1.965536
100,-8,1.971156
102,-8,1.973469
104,-8,1.974569
106,-8,1.969422
108,-8,1.971724
110,-8,1.967402
112,-8,1.961005
114,-8,1.956096
116,-8,1.958254
118,-8,1.967208
120,-8,1.977788
122,-8,1.971026
124,-8,1.982542
126,-8,1.972929
128,-8,1.144716
130,-8,1.140342
132,-8,1.149678
134,-8,1.16537
136,-8,1.160684
138,-8,1.168416
140,-8,1.181821
140,-10,1.17941
138,-10,1.174326
136,-10,1.180559
134,-10,1.173862
132,-10,1.150443
130,-10,1.160427
128,-10,1.152639
126,-10,1.962029
124,-10,1.982903
122,-10,1.974809
120,-10,1.968458
118,-10,1.968578
116,-10,1.958059
114,-10,1.960682
112,-10,1.964457
110,-10,1.971231
108,-10,1.9707
106,-10,1.975493
104,-10,1.967545
102,-10,1.97143
100,-10,1.969525
98,-10,1.968096
96,-10,1.962303
94,-10,1.966007
92,-10,1.964641
90,-10,1.965772
88,-10,1.965713
86,-10,1.960883
84,-10,1.956562
82,-10,1.978188
80,-10,1.961321
78,-10,1.956531
76,-10,1.9654
74,-10,1.966581
72,-10,1.968442
70,-10,1.965318
68,-10,1.964759
66,-10,1.957019
64,-10,1.967235
62,-10,1.959709
60,-10,1.961989
58,-10,1.961016
56,-10,1.957484
54,-10,1.958826
52,-10,1.974099
50,-10,1.973569
48,-10,1.976652
46,-10,1.976003
44,-10,1.974859
42,-10,1.164047
40,-10,1.963537
38,-10,1.959643
36,-10,1.961376
34,-10,1.979215
32,-10,1.961569
30,-10,1.96535
28,-10,1.961665
26,-10,1.965319
24,-10,1.961886
22,-10,1.962849
20,-10,1.97555
18,-10,1.969931
16,-10,1.976674
14,-10,1.973518
12,-10,1.974958
10,-10,1.978221
8,-10,1.975439
6,-10,1.962843
4,-10,1.970812
2,-10,1.965381
0,-10,1.965407
-2,-10,1.964642
-4,-10,1.964549
-6,-10,1.954377
-8,-10,1.954912
-10,-10,1.969739
-12,-10,1.975023
-14,-10,1.973159
-16,-10,1.976839
-18,-10,1.977329
-20,-10,1.986136
-22,-10,1.960564
-24,-10,1.950976
-26,-10,1.956737
-28,-10,1.955546
-30,-10,1.960309
-32,-10,1.949104
-34,-10,1.95329
-36,-10,1.961625
-38,-10,1.958185
-40,-10,1.960288
-42,-10,1.145294
-44,-10,1.969719
-46,-10,1.967738
-48,-10,1.964037
-50,-10,1.964996
-52,-10,1.950809
-54,-10,1.954031
-56,-10,1.957751
-58,-10,1.953625
-60,-10,1.954912
-62,-10,1.950754
-64,-10,1.949589
-66,-10,1.955271
-68,-10,1.957838
-70,-10,1.956653
-72,-10,1.959622
-74,-10,1.958986
-76,-10,1.957401
-78,-10,1.953778
-80,-10,1.968869
-82,-10,1.954458
-84,-10,1.955917
-86,-10,1.951688
-88,-10,1.95609
-90,-10,1.955716
-92,-10,1.958342
-94,-10,1.954082
-96,-10,1.957414
-98,-10,1.951985
-100,-10,1.951643
-102,-10,1.951748
-104,-10,1.953839
-106,-10,1.962747
-108,-10,1.959203
-110,-10,1.964998
-112,-10,1.962391
-114,-10,1.96178
-116,-10,1.955006
-118,-10,1.968793
-120,-10,1.951727
-122,-10,1.9619
-124,-10,1.963232
-126,-10,1.134968
-128,-10,1.177445
-130,-10,1.153777
-132,-10,1.144191
-134,-10,1.148215
-136,-10,1.136859
-138,-10,1.150472
-140,-10,1.134988
-140,-12,1.132028
-138,-12,1.14558
-136,-12,1.138182
-134,-12,1.147633
-132,-12,1.135159
-130,-12,1.145703
-128,-12,1.148207
-126,-12,1.135038
-124,-12,1.956887
-122,-12,1.962885
-120,-12,1.973456
-118,-12,1.956321
-116,-12,1.942907
-114,-12,1.94968
-112,-12,1.953531
-110,-12,1.96265
-108,-12,1.960509
-106,-12,1.966821
-104,-12,1.964217
-102,-12,1.971674
-100,-12,1.973213
-98,-12,1.967564
-96,-12,1.958305
-94,-12,1.960117
-92,-12,1.96189
-90,-12,1.966176
-88,-12,1.960354
-86,-12,1.957331
-84,-12,1.961075
-82,-12,1.955296
-80,-12,1.948236
-78,-12,1.954359
-76,-12,1.948563
-74,-12,1.955531
-72,-12,1.961133
-70,-12,1.959127
-68,-12,1.963105
-66,-12,1.968113
-64,-12,1.968507
-62,-12,1.961407
-60,-12,1.958541
-58,-12,1.951551
-56,-12,1.956786
-54,-12,1.965995
-52,-12,1.950581
-50,-12,1.964103
-48,-12,1.962719
-46,-12,1.969931
-44,-12,1.972098
-42,-12,1.148674
-40,-12,1.95758
-38,-12,1.963081
-36,-12,1.975536
-34,-12,1.953856
-32,-12,1.972126
-30,-12,1.955757
-28,-12,1.95617
-26,-12,1.954451
-24,-12,1.961904
-22,-12,1.964929
-20,-12,1.975617
-18,-12,1.967221
-16,-12,1.973488
-14,-12,1.976574
-12,-12,1.972298
-10,-12,1.969103
-8,-12,1.957574
-6,-12,1.959402
-4,-12,1.956169
-2,-12,1.960405
0,-12,1.959456
2,-12,1.958939
4,-12,1.954059
6,-12,1.974393
8,-12,1.977375
10,-12,1.97309
12,-12,1.978834
14,-12,1.978438
16,-12,1.982231
18,-12,1.97904
20,-12,1.975819
22,-12,1.965804
24,-12,1.959363
26,-12,1.955898
28,-12,1.955354
30,-12,1.957644
32,-12,1.951041
34,-12,1.96448
36,-12,1.965036
38,-12,1.971957
40,-12,1.959296
42,-12,1.156174
44,-12,1.960098
46,-12,1.961961
48,-12,1.963011
50,-12,1.970212
52,-12,1.966055
54,-12,1.957528
56,-12,1.953309
58,-12,1.952372
60,-12,1.958933
62,-12,1.958069
64,-12,1.956078
66,-12,1.963647
68,-12,1.964168
70,-12,1.969898
72,-12,1.969033
74,-12,1.967773
76,-12,1.948249
78,-12,1.971486
80,-12,1.957963
82,-12,1.959616
84,-12,1.965011
86,-12,1.965687
88,-12,1.971817
90,-12,1.971021
92,-12,1.969346
94,-12,1.969706
96,-12,1.961489
98,-12,1.967834
100,-12,1.964761
102,-12,1.968118
104,-12,1.972712
106,-12,1.972435
108,-12,1.969206
110,-12,1.972768
112,-12,1.969127
114,-12,1.962465
116,-12,1.97411
118,-12,1.97061
120,-12,1.973919
122,-12,1.968554
124,-12,1.961506
126,-12,1.970501
128,-12,1.16077
130,-12,1.149842
132,-12,1.155503
134,-12,1.165066
136,-12,1.162338
138,-12,1.154098
140,-12,1.168858
140,-14,1.167413
138,-14,1.161176
136,-14,1.16954
134,-14,1.156904
132,-14,1.169779
130,-14,1.153682
128,-14,1.166034
126,-14,1.97942
124,-14,1.982044
122,-14,1.962185
120,-14,1.96073
118,-14,1.983899
116,-14,1.970807
114,-14,1.97367
112,-14,1.971622
110,-14,1.975101
108,-14,1.973186
106,-14,1.976704
104,-14,1.97384
102,-14,1.976446
100,-14,1.971097
98,-14,1.970696
96,-14,1.969301
94,-14,1.964564
92,-14,1.962526
90,-14,1.960711
88,-14,1.959703
86,-14,1.957801
84,-14,1.9567
82,-14,1.969896
80,-14,1.973466
78,-14,1.970331
76,-14,1.974101
74,-14,1.972848
72,-14,1.975616
70,-14,1.973281
68,-14,1.976607
66,-14,1.973726
64,-14,1.975724
62,-14,1.973503
60,-14,1.976656
58,-14,1.970881
56,-14,1.157584
54,-14,1.165409
52,-14,1.160328
50,-14,1.16788
48,-14,1.158025
46,-14,1.178001
44,-14,1.199224
42,-14,1.13186
40,-14,1.14033
38,-14,1.138995
36,-14,1.136975
34,-14,1.143923
32,-14,1.173238
30,-14,1.161615
28,-14,1.958735
26,-14,1.966811
24,-14,1.968354
22,-14,1.970686
20,-14,1.969522
18,-14,1.981323
16,-14,1.977989
14,-14,1.980044
12,-14,1.978383
10,-14,1.975944
8,-14,1.973325
6,-14,1.971726
4,-14,1.955834
2,-14,1.95684
0,-14,1.95776
-2,-14,1.957124
-4,-14,1.961018
-6,-14,1.957302
-8,-14,1.959574
-10,-14,1.963036
-12,-14,1.974437
-14,-14,1.970846
-16,-14,1.974466
-18,-14,1.97367
-20,-14,1.974361
-22,-14,1.965986
-24,-14,1.965145
-26,-14,1.953096
-28,-14,1.953365
-30,-14,1.968309
-32,-14,1.954061
-34,-14,1.955481
-36,-14,1.956382
-38,-14,1.952673
-40,-14,1.967123
-42,-14,1.153158
-44,-14,1.965921
-46,-14,1.966057
-48,-14,1.973835
-50,-14,1.970187
-52,-14,1.950152
-54,-14,1.959493
-56,-14,1.961883
-58,-14,1.95923
-60,-14,1.96086
-62,-14,1.956027
-64,-14,1.962705
-66,-14,1.967933
-68,-14,1.965553
-70,-14,1.966238
-72,-14,1.962855
-74,-14,1.97926
-76,-14,1.956917
-78,-14,1.961227
-80,-14,1.949423
-82,-14,1.964806
-84,-14,1.945718
-86,-14,1.947287
-88,-14,1.952735
-90,-14,1.962794
-92,-14,1.961606
-94,-14,1.969866
-96,-14,1.968663
-98,-14,1.965158
-100,-14,1.970446
-102,-14,1.964412
-104,-14,1.964058
-106,-14,1.96326
-108,-14,1.955808
-110,-14,1.954114
-112,-14,1.953896
-114,-14,1.949415
-116,-14,1.953056
-118,-14,1.954786
-120,-14,1.961481
-122,-14,1.948601
-124,-14,1.946498
-126,-14,1.148752
-128,-14,1.166212
-130,-14,1.143676
-132,-14,1.150702
-134,-14,1.175882
-136,-14,1.154081
-138,-14,1.159948
-140,-14,1.149786
-140,-16,1.124135
-138,-16,1.139065
-136,-16,1.127464
-134,-16,1.129721
-132,-16,1.122684
-130,-16,1.117443
-128,-16,1.140518
-126,-16,1.173264
-124,-16,1.966705
-122,-16,1.956438
-120,-16,1.959618
-118,-16,1.929755
-116,-16,1.959699
-114,-16,1.968254
-112,-16,1.967845
-110,-16,1.971745
-108,-16,1.974669
-106,-16,1.970468
-104,-16,1.960243
-102,-16,1.977488
-100,-16,1.969881
-98,-16,1.974954
-96,-16,1.969563
-94,-16,1.971252
-92,-16,1.974556
-90,-16,1.971338
-88,-16,1.963704
-86,-16,1.969462
-84,-16,1.970949
-82,-16,1.955146
-80,-16,1.959309
-78,-16,1.964486
-76,-16,1.970738
-74,-16,1.981431
-72,-16,1.978789
-70,-16,1.974493
-68,-16,1.961932
-66,-16,1.966411
-64,-16,1.962868
-62,-16,1.966628
-60,-16,1.96409
-58,-16,1.974541
-56,-16,1.9748
-54,-16,1.972654
-52,-16,1.335836
-50,-16,1.966537
-48,-16,1.967327
-46,-16,1.964933
-44,-16,1.955522
-42,-16,1.144073
-40,-16,1.957252
-38,-16,1.955638
-36,-16,1.964459
-34,-16,1.971057
-32,-16,1.964759
-30,-16,1.964941
-28,-16,1.953117
-26,-16,1.964337
-24,-16,1.968299
-22,-16,1.972506
-20,-16,1.977859
-18,-16,1.986388
-16,-16,1.9806
-14,-16,1.977807
-12,-16,1.981913
-10,-16,1.967123
-8,-16,1.965977
-6,-16,1.966635
-4,-16,1.96823
-2,-16,1.969764
0,-16,1.968869
2,-16,1.966055
4,-16,1.960843
6,-16,1.970816
8,-16,1.979504
10,-16,1.987838
12,-16,1.993034
14,-16,1.986107
16,-16,1.986969
18,-16,1.980031
20,-16,1.984828
22,-16,1.981387
24,-16,1.981643
26,-16,1.976717
28,-16,1.969647
30,-16,1.967015
32,-16,1.965821
34,-16,1.966486
36,-16,1.94319
38,-16,1.957285
40,-16,1.964143
42,-16,1.13805
44,-16,1.967787
46,-16,1.96952
48,-16,1.970437
50,-16,1.971282
52,-16,1.968045
54,-16,1.966578
56,-16,1.973058
58,-16,1.978546
60,-16,1.979909
62,-16,1.973334
64,-16,1.963066
66,-16,1.97381
68,-16,1.990925
70,-16,1.990639
72,-16,1.989175
74,-16,1.973602
76,-16,1.963977
78,-16,1.969153
80,-16,1.967439
82,-16,1.96725
84,-16,1.978342
86,-16,1.979373
88,-16,1.976937
90,-16,1.972207
92,-16,1.961594
94,-16,1.956731
96,-16,1.962269
98,-16,1.970668
100,-16,1.971407
102,-16,1.978087
104,-16,1.983923
106,-16,1.979256
108,-16,1.976808
110,-16,1.980036
112,-16,1.979712
114,-16,1.976217
116,-16,1.981807
118,-16,1.96294
120,-16,1.969367
122,-16,1.963728
124,-16,1.963006
126,-16,1.964369
128,-16,1.158692
130,-16,1.181722
132,-16,1.180296
134,-16,1.169772
136,-16,1.158921
138,-16,1.170794
140,-16,1.191131
140,-18,1.159732
138,-18,1.165329
136,-18,1.161672
134,-18,1.149746
132,-18,1.153467
130,-18,1.143097
128,-18,1.148279
126,-18,1.96952
124,-18,1.970133
122,-18,1.964308
120,-18,1.963414
118,-18,1.974158
116,-18,1.970132
114,-18,1.979501
112,-18,1.983759
110,-18,1.985007
108,-18,1.988433
106,-18,1.990533
104,-18,1.992505
102,-18,1.990057
100,-18,1.990264
98,-18,1.984944
96,-18,1.983156
94,-18,1.976493
92,-18,1.971961
90,-18,1.973863
88,-18,1.981019
86,-18,1.967176
84,-18,1.958206
82,-18,1.977868
80,-18,1.981523
78,-18,1.976525
76,-18,1.973488
74,-18,1.980719
72,-18,2.003214
70,-18,1.990385
68,-18,1.97497
66,-18,1.972792
64,-18,1.967264
62,-18,1.977173
60,-18,1.972887
58,-18,1.97485
56,-18,1.973778
54,-18,1.968932
52,-18,1.969001
50,-18,1.96778
48,-18,1.962693
46,-18,1.966809
44,-18,1.965944
42,-18,1.18331
40,-18,1.9715
38,-18,1.96071
36,-18,1.970491
34,-18,1.959077
32,-18,1.961611
30,-18,1.966161
28,-18,1.980942
26,-18,1.97895
24,-18,1.986225
22,-18,1.986221
20,-18,1.988305
18,-18,1.988678
16,-18,1.990552
14,-18,1.993437
12,-18,1.986397
10,-18,1.978041
8,-18,1.978774
6,-18,1.974771
4,-18,1.971005
2,-18,1.967153
0,-18,1.969117
-2,-18,1.97014
-4,-18,1.975105
-6,-18,1.967085
-8,-18,1.972837
-10,-18,1.973405
-12,-18,1.982367
-14,-18,1.985302
-16,-18,1.980877
-18,-18,1.981484
-20,-18,1.979632
-22,-18,1.975594
-24,-18,1.968537
-26,-18,1.96616
-28,-18,1.961106
-30,-18,1.978719
-32,-18,1.956853
-34,-18,1.965414
-36,-18,1.960914
-38,-18,1.960528
-40,-18,1.966432
-42,-18,1.152726
-44,-18,1.957577
-46,-18,1.956072
-48,-18,1.964197
-50,-18,1.961059
-52,-18,1.147459
-54,-18,1.960704
-56,-18,1.961931
-58,-18,1.958921
-60,-18,1.958708
-62,-18,1.960539
-64,-18,1.96384
-66,-18,1.96348
-68,-18,1.969649
-70,-18,1.969514
-72,-18,1.974943
-74,-18,1.975282
-76,-18,1.991754
-78,-18,1.964982
-80,-18,1.972326
-82,-18,1.957441
-84,-18,1.974978
-86,-18,1.976715
-88,-18,1.981728
-90,-18,1.976705
-92,-18,1.978987
-94,-18,1.966656
-96,-18,1.970997
-98,-18,1.975702
-100,-18,1.974116
-102,-18,1.977391
-104,-18,1.963917
-106,-18,1.966825
-108,-18,1.967732
-110,-18,1.973158
-112,-18,1.968954
-114,-18,1.972759
-116,-18,1.962825
-118,-18,1.954835
-120,-18,1.947256
-122,-18,1.974246
-124,-18,1.939752
-126,-18,1.134796
-128,-18,1.187594
-130,-18,1.143388
-132,-18,1.117202
-134,-18,1.14853
-136,-18,1.150587
-138,-18,1.139137
-140,-18,1.140047
-140,-20,1.131184
-138,-20,1.144182
-136,-20,1.145464
-134,-20,1.134185
-132,-20,1.137819
-130,-20,1.136059
-128,-20,1.137717
-126,-20,1.142797
-124,-20,1.954039
-122,-20,1.961716
-120,-20,1.949036
-118,-20,1.962573
-116,-20,1.965178
-114,-20,1.962042
-112,-20,1.963755
-110,-20,1.972576
-108,-20,1.968509
-106,-20,1.973115
-104,-20,1.978811
-102,-20,1.977068
-100,-20,1.975782
-98,-20,1.985088
-96,-20,1.979197
-94,-20,1.972382
-92,-20,1.981526
-90,-20,1.976942
-88,-20,1.977933
-86,-20,1.964728
-84,-20,1.964853
-82,-20,1.9691
-80,-20,1.973391
-78,-20,1.977352
-76,-20,1.956972
-74,-20,1.965779
-72,-20,1.989267
-70,-20,1.992307
-68,-20,1.989945
-66,-20,1.989269
-64,-20,1.987855
-62,-20,1.987623
-60,-20,1.966358
-58,-20,1.968557
-56,-20,1.959037
-54,-20,1.965479
-52,-20,1.132115
-50,-20,1.965089
-48,-20,1.9592
-46,-20,1.956779
-44,-20,1.958434
-42,-20,1.151191
-40,-20,1.967759
-38,-20,1.980599
-36,-20,1.964216
-34,-20,1.973465
-32,-20,1.964869
-30,-20,1.972473
-28,-20,1.962571
-26,-20,1.964425
-24,-20,1.969806
-22,-20,1.973507
-20,-20,1.979456
-18,-20,1.98116
-16,-20,1.977813
-14,-20,1.974547
-12,-20,1.982917
-10,-20,1.981839
-8,-20,1.97882
-6,-20,1.969394
-4,-20,1.972363
-2,-20,1.974193
0,-20,1.96944
2,-20,1.967872
4,-20,1.966216
6,-20,1.972635
8,-20,1.979218
10,-20,1.980451
12,-20,1.978097
14,-20,1.996387
16,-20,1.991968
18,-20,1.991844
20,-20,1.990311
22,-20,1.98853
24,-20,1.99074
26,-20,1.986597
28,-20,1.981412
30,-20,1.983619
32,-20,1.988131
34,-20,1.967138
36,-20,1.963102
38,-20,1.950964
40,-20,1.941774
42,-20,1.189575
44,-20,1.966697
46,-20,1.95987
48,-20,1.960663
50,-20,1.963989
52,-20,1.966348
54,-20,1.969245
56,-20,1.966526
58,-20,1.964606
60,-20,1.966888
62,-20,1.962228
64,-20,1.968496
66,-20,1.96889
68,-20,1.976378
70,-20,1.975998
72,-20,1.984522
74,-20,1.979767
76,-20,1.972263
78,-20,1.975702
80,-20,1.982185
82,-20,1.985671
84,-20,1.969423
86,-20,1.968116
88,-20,1.968464
90,-20,1.969485
92,-20,1.972657
94,-20,1.967983
96,-20,1.978133
98,-20,1.987
100,-20,1.985761
102,-20,1.9835
104,-20,1.981093
106,-20,1.985699
108,-20,1.98991
110,-20,1.986013
112,-20,1.986912
114,-20,1.978141
116,-20,1.983457
118,-20,1.969988
120,-20,1.975646
122,-20,1.9748
124,-20,1.976502
126,-20,1.97909
128,-20,1.158182
130,-20,1.178521
132,-20,1.184561
134,-20,1.202206
136,-20,1.177956
138,-20,1.18334
140,-20,1.184266
140,-22,1.167368
138,-22,1.168519
136,-22,1.172387
134,-22,1.151605
132,-22,1.153138
130,-22,1.161096
128,-22,1.131622
126,-22,1.962787
124,-22,1.960449
122,-22,1.968448
120,-22,1.970741
118,-22,1.977245
116,-22,1.982606
114,-22,1.968893
112,-22,1.982739
110,-22,1.98143
108,-22,1.981292
106,-22,1.982333
104,-22,1.980057
102,-22,1.984217
100,-22,1.978532
98,-22,1.9767
96,-22,1.977185
94,-22,1.974695
92,-22,1.979293
90,-22,1.980884
88,-22,1.976739
86,-22,1.975291
84,-22,1.974966
82,-22,1.973769
80,-22,1.973037
78,-22,1.979354
76,-22,1.973255
74,-22,1.983871
72,-22,1.983171
70,-22,1.981635
68,-22,1.97844
66,-22,1.978146
64,-22,1.976833
62,-22,1.976523
60,-22,1.974829
58,-22,1.97348
56,-22,1.977966
54,-22,1.978541
52,-22,1.975154
50,-22,1.959654
48,-22,1.960313
46,-22,1.965934
44,-22,1.965137
42,-22,1.154664
40,-22,1.968743
38,-22,1.974425
36,-22,1.980373
34,-22,1.982311
32,-22,1.966742
30,-22,1.966366
28,-22,1.980961
26,-22,1.980437
24,-22,1.986637
22,-22,1.984032
20,-22,1.986348
18,-22,1.986245
16,-22,1.987648
14,-22,1.984097
12,-22,1.999205
10,-22,1.981592
8,-22,1.976293
6,-22,1.973021
4,-22,1.974066
2,-22,1.972433
0,-22,1.975312
-2,-22,1.971631
-4,-22,1.972124
-6,-22,1.974145
-8,-22,1.982691
-10,-22,1.983447
-12,-22,1.977576
-14,-22,1.980595
-16,-22,1.978687
-18,-22,1.979664
-20,-22,1.978572
-22,-22,1.970824
-24,-22,1.971878
-26,-22,1.968086
-28,-22,1.970688
-30,-22,1.976505
-32,-22,1.969244
-34,-22,1.958039
-36,-22,1.967899
-38,-22,1.955681
-40,-22,1.963247
-42,-22,1.155088
-44,-22,1.959437
-46,-22,1.959311
-48,-22,1.961727
-50,-22,1.959694
-52,-22,1.141476
-54,-22,1.96495
-56,-22,1.963426
-58,-22,1.96487
-60,-22,1.967932
-62,-22,1.98266
-64,-22,1.98157
-66,-22,1.978291
-68,-22,1.982071
-70,-22,1.985217
-72,-22,1.973299
-74,-22,1.976736
-76,-22,1.979477
-78,-22,1.985475
-80,-22,1.990229
-82,-22,1.979575
-84,-22,1.978737
-86,-22,1.971741
-88,-22,1.972329
-90,-22,1.975691
-92,-22,1.971761
-94,-22,1.974314
-96,-22,1.978604
-98,-22,1.98182
-100,-22,1.984026
-102,-22,1.988801
-104,-22,1.982248
-106,-22,1.984634
-108,-22,1.983037
-110,-22,1.983972
-112,-22,1.979968
-114,-22,1.966345
-116,-22,1.982239
-118,-22,1.959658
-120,-22,1.964245
-122,-22,1.968725
-124,-22,1.958307
-126,-22,1.186507
-128,-22,1.137556
-130,-22,1.142892
-132,-22,1.145063
-134,-22,1.144857
-136,-22,1.143568
-138,-22,1.131672
-140,-22,1.130645
-138,-24,1.14136
-136,-24,1.15069
-134,-24,1.143869
-132,-24,1.143752
-130,-24,1.143807
-128,-24,1.136198
-126,-24,1.182666
-124,-24,1.96743
-122,-24,1.977376
-120,-24,1.970874
-118,-24,1.965639
-116,-24,1.965581
-114,-24,1.972226
-112,-24,1.98213
-110,-24,1.982904
-108,-24,1.973207
-106,-24,1.977361
-104,-24,1.982504
-102,-24,1.98311
-100,-24,1.988836
-98,-24,1.992517
-96,-24,1.995257
-94,-24,1.995706
-92,-24,1.994984
-90,-24,1.975408
-88,-24,1.977254
-86,-24,1.970668
-84,-24,1.976373
-82,-24,1.978843
-80,-24,1.983806
-78,-24,1.971209
-76,-24,1.959636
-74,-24,1.971507
-72,-24,1.981023
-70,-24,1.977508
-68,-24,1.985504
-66,-24,1.984666
-64,-24,1.987282
-62,-24,1.983584
-60,-24,1.987885
-58,-24,1.978193
-56,-24,1.973262
-54,-24,1.970452
-52,-24,1.140653
-50,-24,1.959689
-48,-24,1.961415
-46,-24,1.964007
-44,-24,1.962379
-42,-24,1.154453
-40,-24,1.961493
-38,-24,1.969134
-36,-24,1.969589
-34,-24,1.965039
-32,-24,1.970941
-30,-24,1.965363
-28,-24,1.972357
-26,-24,1.967397
-24,-24,1.967136
-22,-24,1.970091
-20,-24,1.97234
-18,-24,1.978495
-16,-24,1.981834
-14,-24,1.985602
-12,-24,1.983546
-10,-24,1.980981
-8,-24,1.981546
-6,-24,1.980594
-4,-24,1.986638
-2,-24,1.98683
0,-24,1.982019
2,-24,1.986739
4,-24,1.983011
6,-24,1.977511
8,-24,1.977325
10,-24,1.981594
12,-24,1.988235
14,-24,1.980889
16,-24,1.983094
18,-24,1.982908
20,-24,1.98622
22,-24,1.980022
24,-24,1.979241
26,-24,1.980114
28,-24,1.976565
30,-24,1.967658
32,-24,1.979541
34,-24,1.96209
36,-24,1.961165
38,-24,1.947904
40,-24,1.963423
42,-24,1.152905
44,-24,1.971361
46,-24,1.967228
48,-24,1.962804
50,-24,1.976782
52,-24,1.976788
54,-24,1.978419
56,-24,1.981004
58,-24,1.984262
60,-24,1.983091
62,-24,1.975602
64,-24,1.974313
66,-24,1.982157
68,-24,1.982928
70,-24,1.979769
72,-24,1.976347
74,-24,1.980167
76,-24,1.972359
78,-24,1.982665
80,-24,1.985603
82,-24,1.970344
84,-24,1.971574
86,-24,1.96962
88,-24,1.975769
90,-24,1.9782
92,-24,1.980195
94,-24,1.980482
96,-24,1.981532
98,-24,1.984082
100,-24,1.980313
102,-24,1.978408
104,-24,1.981452
106,-24,1.981582
108,-24,1.984182
110,-24,1.981696
112,-24,1.983798
114,-24,1.982468
116,-24,1.968696
118,-24,1.969587
120,-24,1.968784
122,-24,1.977244
124,-24,1.966814
126,-24,1.964631
128,-24,1.14651
130,-24,1.125316
132,-24,1.120517
134,-24,1.160972
136,-24,1.164099
138,-24,1.172903
138,-26,1.1532
136,-26,1.159624
134,-26,1.166978
132,-26,1.165524
130,-26,1.173485
128,-26,1.14422
126,-26,1.965052
124,-26,1.966776
122,-26,1.966385
120,-26,1.969174
118,-26,1.97056
116,-26,1.975876
114,-26,1.97946
112,-26,1.99243
110,-26,1.995858
108,-26,1.996036
106,-26,1.99487
104,-26,1.994081
102,-26,1.994802
100,-26,1.988464
98,-26,1.987583
96,-26,1.97822
94,-26,1.975475
92,-26,1.972727
90,-26,1.983009
88,-26,1.978804
86,-26,1.976522
84,-26,1.976521
82,-26,1.975533
80,-26,1.982852
78,-26,1.977476
76,-26,1.989041
74,-26,1.984174
72,-26,1.997207
70,-26,1.981282
68,-26,1.978471
66,-26,1.975933
64,-26,1.974074
62,-26,1.972537
60,-26,1.972007
58,-26,1.983553
56,-26,1.98556
54,-26,1.981677
52,-26,1.977339
50,-26,1.976798
48,-26,1.965944
46,-26,1.961638
44,-26,1.963625
42,-26,1.168658
40,-26,1.957716
38,-26,1.958837
36,-26,1.969283
34,-26,1.965205
32,-26,1.982207
30,-26,1.963892
28,-26,1.971611
26,-26,1.981481
24,-26,1.98131
22,-26,1.981385
20,-26,1.984648
18,-26,1.988657
16,-26,1.979326
14,-26,1.984166
12,-26,1.982445
10,-26,1.982868
8,-26,1.975506
6,-26,1.978494
4,-26,1.976668
2,-26,1.978267
0,-26,1.976162
-2,-26,1.981656
-4,-26,1.983714
-6,-26,1.986859
-8,-26,1.979639
-10,-26,1.982555
-12,-26,1.987841
-14,-26,1.981561
-16,-26,1.981564
-18,-26,1.976734
-20,-26,1.978265
-22,-26,1.976441
-24,-26,1.979321
-26,-26,1.973063
-28,-26,1.971056
-30,-26,1.98066
-32,-26,1.962245
-34,-26,1.9762
-36,-26,1.968805
-38,-26,1.970784
-40,-26,1.970994
-42,-26,1.157303
-44,-26,1.961417
-46,-26,1.971119
-48,-26,1.967268
-50,-26,1.965683
-52,-26,1.178692
-54,-26,1.971544
-56,-26,1.975595
-58,-26,1.984207
-60,-26,1.972766
-62,-26,1.979308
-64,-26,1.978316
-66,-26,1.984446
-68,-26,1.983425
-70,-26,1.992496
-72,-26,1.978242
-74,-26,1.99572
-76,-26,1.970963
-78,-26,1.998176
-80,-26,1.967421
-82,-26,1.976467
-84,-26,1.974025
-86,-26,1.979206
-88,-26,1.978421
-90,-26,1.972377
-92,-26,1.96506
-94,-26,1.979074
-96,-26,1.989854
-98,-26,1.993063
-100,-26,1.998885
-102,-26,1.978032
-104,-26,1.974505
-106,-26,1.979457
-108,-26,1.974965
-110,-26,1.971633
-112,-26,1.967161
-114,-26,1.976794
-116,-26,1.974154
-118,-26,1.957211
-120,-26,1.954888
-122,-26,1.964594
-124,-26,1.971343
-126,-26,1.174444
-128,-26,1.163264
-130,-26,1.167067
-132,-26,1.163657
-134,-26,1.14119
-136,-26,1.174143
-138,-26,1.121432
-138,-28,1.132359
-136,-28,1.128425
-134,-28,1.16738
-132,-28,1.163351
-130,-28,1.137801
-128,-28,1.170518
-126,-28,1.160082
-124,-28,1.971166
-122,-28,1.972817
-120,-28,1.964038
-118,-28,1.957468
-116,-28,1.992135
-114,-28,1.967546
-112,-28,1.979032
-110,-28,1.968914
-108,-28,1.966473
-106,-28,1.966289
-104,-28,1.966589
-102,-28,1.96758
-100,-28,1.986953
-98,-28,1.978714
-96,-28,1.962291
-94,-28,1.971055
-92,-28,1.960692
-90,-28,1.983205
-88,-28,1.977661
-86,-28,1.973621
-84,-28,1.973987
-82,-28,1.974342
-80,-28,1.97711
-78,-28,1.964616
-76,-28,1.983724
-74,-28,1.963491
-72,-28,1.978017
-70,-28,1.9681
-68,-28,1.975256
-66,-28,1.977681
-64,-28,1.973941
-62,-28,1.969784
-60,-28,1.968829
-58,-28,1.973265
-56,-28,1.98055
-54,-28,1.981606
-52,-28,1.107758
-50,-28,1.970742
-48,-28,1.968466
-46,-28,1.96092
-44,-28,1.960612
-42,-28,1.150252
-40,-28,1.961215
-38,-28,1.968631
-36,-28,1.968941
-34,-28,1.986892
-32,-28,1.972127
-30,-28,1.974928
-28,-28,1.975577
-26,-28,1.975403
-24,-28,1.979608
-22,-28,1.978009
-20,-28,1.981873
-18,-28,1.979394
-16,-28,1.97062
-14,-28,1.979236
-12,-28,1.988315
-10,-28,1.990839
-8,-28,1.986556
-6,-28,1.984752
-4,-28,1.98178
-2,-28,1.980536
0,-28,1.972907
2,-28,1.97223
4,-28,1.977278
6,-28,1.985464
8,-28,1.98855
10,-28,1.987872
12,-28,1.979846
14,-28,1.978866
16,-28,1.965181
18,-28,1.989983
20,-28,1.990869
22,-28,1.984556
24,-28,1.982269
26,-28,1.974569
28,-28,1.973554
30,-28,1.990151
32,-28,1.987156
34,-28,1.968489
36,-28,1.962543
38,-28,1.964131
40,-28,1.965998
42,-28,1.184704
44,-28,1.955363
46,-28,1.956481
48,-28,1.97504
50,-28,1.97583
52,-28,1.976947
54,-28,1.986491
56,-28,1.987761
58,-28,1.990106
60,-28,1.977358
62,-28,1.978093
64,-28,1.973842
66,-28,1.979874
68,-28,1.981168
70,-28,1.993391
72,-28,1.986691
74,-28,1.975244
76,-28,1.981504
78,-28,1.980646
80,-28,1.983677
82,-28,1.973053
84,-28,1.971584
86,-28,1.967093
88,-28,1.971946
90,-28,1.976037
92,-28,1.976
94,-28,1.97722
96,-28,1.98134
98,-28,1.984337
100,-28,1.983276
102,-28,1.980982
104,-28,1.983103
106,-28,1.987843
108,-28,1.987715
110,-28,1.992128
112,-28,1.991099
114,-28,1.9719
116,-28,1.974287
118,-28,1.976395
120,-28,1.972487
122,-28,1.962105
124,-28,1.966924
126,-28,1.966506
128,-28,1.162137
130,-28,1.18304
132,-28,1.160597
134,-28,1.166414
136,-28,1.172802
138,-28,1.178009
138,-30,1.181338
136,-30,1.176847
134,-30,1.171735
132,-30,1.161234
130,-30,1.155709
128,-30,1.158886
126,-30,1.967532
124,-30,1.967675
122,-30,1.970791
120,-30,1.964306
118,-30,1.978735
116,-30,1.988703
114,-30,1.985227
112,-30,1.978755
110,-30,1.988772
108,-30,1.987393
106,-30,1.986925
104,-30,1.98573
102,-30,1.985646
100,-30,1.98204
98,-30,1.979073
96,-30,1.978332
94,-30,1.972944
92,-30,1.973157
90,-30,1.968154
88,-30,1.97182
86,-30,1.972429
84,-30,1.974162
82,-30,1.974559
80,-30,1.978889
78,-30,1.978911
76,-30,1.99323
74,-30,1.985118
72,-30,1.974011
70,-30,1.982472
68,-30,1.975977
66,-30,1.977822
64,-30,1.980262
62,-30,1.979314
60,-30,1.980939
58,-30,1.977369
56,-30,1.978249
54,-30,1.974028
52,-30,1.970322
50,-30,1.975779
48,-30,1.971843
46,-30,1.961716
44,-30,1.966127
42,-30,1.164141
40,-30,1.974757
38,-30,1.968371
36,-30,1.959755
34,-30,1.957453
32,-30,1.973235
30,-30,1.970268
28,-30,1.977292
26,-30,1.981645
24,-30,1.989642
22,-30,1.990518
20,-30,1.98846
18,-30,1.979318
16,-30,1.988601
14,-30,1.984939
12,-30,1.982809
10,-30,1.981869
8,-30,1.988992
6,-30,1.979069
4,-30,1.976423
2,-30,1.972669
0,-30,1.970365
-2,-30,1.976168
-4,-30,1.977347
-6,-30,1.979281
-8,-30,1.978883
-10,-30,1.982914
-12,-30,1.98552
-14,-30,1.988985
-16,-30,1.994451
-18,-30,1.992853
-20,-30,1.994003
-22,-30,1.999592
-24,-30,1.975924
-26,-30,1.973049
-28,-30,1.976061
-30,-30,1.991437
-32,-30,1.955219
-34,-30,1.962692
-36,-30,1.963261
-38,-30,1.964345
-40,-30,1.962411
-42,-30,1.15213
-44,-30,1.953915
-46,-30,1.966425
-48,-30,1.973033
-50,-30,1.973546
-52,-30,1.14974
-54,-30,1.987225
-56,-30,1.98225
-58,-30,1.972635
-60,-30,1.975883
-62,-30,1.97795
-64,-30,1.979346
-66,-30,1.974638
-68,-30,1.972614
-70,-30,1.969133
-72,-30,1.974194
-74,-30,1.976828
-76,-30,1.969849
-78,-30,1.969588
-80,-30,1.963077
-82,-30,1.965666
-84,-30,1.972481
-86,-30,1.970303
-88,-30,1.977595
-90,-30,1.977645
-92,-30,1.969125
-94,-30,1.968189
-96,-30,1.975779
-98,-30,1.971008
-100,-30,1.960334
-102,-30,1.96376
-104,-30,1.971286
-106,-30,1.977047
-108,-30,1.970679
-110,-30,1.980755
-112,-30,1.984525
-114,-30,1.977637
-116,-30,1.979596
-118,-30,1.961897
-120,-30,1.955588
-122,-30,1.955316
-124,-30,1.955175
-126,-30,1.160219
-128,-30,1.136608
-130,-30,1.149144
-132,-30,1.162565
-134,-30,1.130876
-136,-30,1.152626
-138,-30,1.130594
-138,-32,1.154503
-136,-32,1.155841
-134,-32,1.146059
-132,-32,1.103199
-130,-32,1.122446
-128,-32,1.122224
-126,-32,1.138912
-124,-32,1.957406
-122,-32,1.958172
-120,-32,1.958757
-118,-32,1.952387
-116,-32,1.967117
-114,-32,1.971613
-112,-32,2.002762
-110,-32,1.987574
-108,-32,1.986558
-106,-32,1.987628
-104,-32,1.998197
-102,-32,2.001767
-100,-32,1.998141
-98,-32,1.973802
-96,-32,1.970892
-94,-32,1.977688
-92,-32,1.97431
-90,-32,1.972878
-88,-32,1.962667
-86,-32,1.960408
-84,-32,1.962792
-82,-32,1.968857
-80,-32,1.971539
-78,-32,1.971535
-76,-32,1.990657
-74,-32,1.972271
-72,-32,1.972154
-70,-32,1.980887
-68,-32,1.992031
-66,-32,1.983438
-64,-32,1.985237
-62,-32,1.979378
-60,-32,1.979179
-58,-32,1.981534
-56,-32,1.990515
-54,-32,1.981586
-52,-32,1.152286
-50,-32,1.970267
-48,-32,1.971821
-46,-32,1.9661
-44,-32,1.960569
-42,-32,1.151275
-40,-32,1.956828
-38,-32,1.955599
-36,-32,1.961571
-34,-32,1.956662
-32,-32,1.963618
-30,-32,1.960551
-28,-32,1.990225
-26,-32,1.98524
-24,-32,1.979284
-22,-32,1.997907
-20,-32,1.975796
-18,-32,1.976142
-16,-32,1.99622
-14,-32,2.000444
-12,-32,1.993553
-10,-32,1.976342
-8,-32,1.969322
-6,-32,1.976704
-4,-32,1.974711
-2,-32,1.970342
0,-32,1.966906
2,-32,1.972488
4,-32,1.971365
6,-32,1.966293
8,-32,1.988356
10,-32,1.978888
12,-32,1.989429
14,-32,1.98023
16,-32,1.984632
18,-32,1.983229
20,-32,1.981296
22,-32,1.980453
24,-32,1.995024
26,-32,1.985619
28,-32,1.976185
30,-32,1.99029
32,-32,1.973313
34,-32,1.970978
36,-32,1.968551
38,-32,1.965094
40,-32,1.969628
42,-32,1.165806
44,-32,1.975386
46,-32,1.959167
48,-32,1.96043
50,-32,1.967551
52,-32,1.966808
54,-32,1.967564
56,-32,1.968122
58,-32,1.982541
60,-32,1.982348
62,-32,1.982229
64,-32,1.983167
66,-32,1.978759
68,-32,1.979748
70,-32,1.98739
72,-32,1.981508
74,-32,1.983839
76,-32,1.983742
78,-32,1.975474
80,-32,1.974677
82,-32,1.97449
84,-32,1.974641
86,-32,1.972064
88,-32,1.975985
90,-32,1.977049
92,-32,1.982826
94,-32,1.981314
96,-32,1.98036
98,-32,1.980884
100,-32,1.977977
102,-32,1.984017
104,-32,1.983126
106,-32,1.986789
108,-32,1.986218
110,-32,1.989927
112,-32,1.975721
114,-32,1.978057
116,-32,1.978209
118,-32,1.975983
120,-32,1.981778
122,-32,1.97325
124,-32,1.972038
126,-32,1.97286
128,-32,1.168301
130,-32,1.153174
132,-32,1.167416
134,-32,1.167516
136,-32,1.173177
138,-32,1.153207
136,-34,1.152541
134,-34,1.161093
132,-34,1.173839
130,-34,1.159682
128,-34,1.137552
126,-34,1.973858
124,-34,1.971497
122,-34,1.973315
120,-34,1.976511
118,-34,1.972223
116,-34,1.980429
114,-34,1.976911
112,-34,1.973133
110,-34,1.972264
108,-34,1.974112
106,-34,1.974276
104,-34,1.976579
102,-34,1.977984
100,-34,1.978934
98,-34,1.982841
96,-34,1.982345
94,-34,1.981478
92,-34,1.981371
90,-34,1.979218
88,-34,1.975493
86,-34,1.973032
84,-34,1.975879
82,-34,1.975731
80,-34,1.979958
78,-34,1.979061
76,-34,1.970614
74,-34,1.983068
72,-34,1.984801
70,-34,1.975356
68,-34,1.979818
66,-34,1.985818
64,-34,1.980376
62,-34,1.978918
60,-34,1.978376
58,-34,1.982902
56,-34,1.985118
54,-34,1.973346
52,-34,1.966511
50,-34,1.970876
48,-34,1.969371
46,-34,1.968908
44,-34,1.963791
42,-34,1.184182
40,-34,1.967724
38,-34,1.970955
36,-34,1.969613
34,-34,1.972204
32,-34,1.971179
30,-34,1.972285
28,-34,1.972411
26,-34,1.980972
24,-34,1.972759
22,-34,1.98068
20,-34,1.981039
18,-34,1.982822
16,-34,1.997165
14,-34,1.971544
12,-34,1.968483
10,-34,1.982122
8,-34,1.979649
6,-34,1.990553
4,-34,1.987083
2,-34,1.962222
0,-34,1.974384
-2,-34,1.97034
-4,-34,1.972346
-6,-34,1.974593
-8,-34,1.980288
-10,-34,1.983281
-12,-34,1.980425
-14,-34,1.974156
-16,-34,1.984488
-18,-34,1.990145
-20,-34,1.97581
-22,-34,1.975798
-24,-34,1.983296
-26,-34,1.971054
-28,-34,1.97219
-30,-34,1.974973
-32,-34,1.96673
-34,-34,1.961585
-36,-34,1.958582
-38,-34,1.962191
-40,-34,1.956784
-42,-34,1.149946
-44,-34,1.954152
-46,-34,1.956868
-48,-34,1.961396
-50,-34,1.970534
-52,-34,1.148747
-54,-34,1.982525
-56,-34,1.97985
-58,-34,1.978168
-60,-34,1.974112
-62,-34,1.968544
-64,-34,1.975157
-66,-34,1.984021
-68,-34,1.971156
-70,-34,1.965088
-72,-34,1.988128
-74,-34,1.973637
-76,-34,1.979408
-78,-34,1.980894
-80,-34,1.968927
-82,-34,1.968029
-84,-34,1.960294
-86,-34,1.964562
-88,-34,1.961289
-90,-34,1.979128
-92,-34,1.982942
-94,-34,1.995225
-96,-34,1.983656
-98,-34,1.982436
-100,-34,1.983495
-102,-34,1.990537
-104,-34,1.987319
-106,-34,1.985799
-108,-34,1.980965
-110,-34,1.960842
-112,-34,1.980325
-114,-34,1.986768
-116,-34,1.968393
-118,-34,1.958068
-120,-34,1.958156
-122,-34,1.955498
-124,-34,1.95923
-126,-34,1.163002
-128,-34,1.129705
-130,-34,1.143632
-132,-34,1.140795
-134,-34,1.117765
-136,-34,1.13697
-136,-36,1.146426
-134,-36,1.123491
-132,-36,1.146905
-130,-36,1.14147
-128,-36,1.131375
-126,-36,1.132913
-124,-36,1.951518
-122,-36,1.951484
-120,-36,1.958492
-118,-36,1.980218
-116,-36,1.961713
-114,-36,1.9614
-112,-36,1.96402
-110,-36,1.98157
-108,-36,1.975635
-106,-36,1.972596
-104,-36,1.979598
-102,-36,1.985781
-100,-36,1.984692
-98,-36,1.997109
-96,-36,1.990628
-94,-36,1.985701
-92,-36,1.980785
-90,-36,1.972889
-88,-36,1.968463
-86,-36,1.963861
-84,-36,1.960251
-82,-36,1.967908
-80,-36,1.971867
-78,-36,1.980757
-76,-36,1.980856
-74,-36,1.968334
-72,-36,1.988294
-70,-36,1.982701
-68,-36,1.967759
-66,-36,1.972045
-64,-36,1.964403
-62,-36,1.964178
-60,-36,1.969082
-58,-36,1.977877
-56,-36,1.97845
-54,-36,1.984559
-52,-36,1.137979
-50,-36,1.964202
-48,-36,1.953179
-46,-36,1.946433
-44,-36,1.949126
-42,-36,1.146305
-40,-36,1.959552
-38,-36,1.953858
-36,-36,1.957805
-34,-36,1.957409
-32,-36,1.969706
-30,-36,1.969351
-28,-36,1.978265
-26,-36,1.991741
-24,-36,1.976617
-22,-36,1.989084
-20,-36,1.987232
-18,-36,1.980695
-16,-36,1.987742
-14,-36,1.974987
-12,-36,1.991293
-10,-36,1.994677
-8,-36,1.982606
-6,-36,1.980902
-4,-36,1.984361
-2,-36,1.976585
0,-36,1.960982
2,-36,1.977006
4,-36,1.952698
6,-36,1.966095
8,-36,1.976815
10,-36,1.982675
12,-36,1.999379
14,-36,1.987644
16,-36,1.983809
18,-36,1.98535
20,-36,1.990971
22,-36,1.970013
24,-36,1.984141
26,-36,1.970135
28,-36,1.976616
30,-36,1.972921
32,-36,1.973141
34,-36,1.974353
36,-36,1.970832
38,-36,1.972588
40,-36,1.969766
42,-36,1.176669
44,-36,1.965082
46,-36,1.97189
48,-36,1.97846
50,-36,1.981425
52,-36,1.976147
54,-36,1.973907
56,-36,1.975689
58,-36,1.98146
60,-36,1.981504
62,-36,1.976739
64,-36,1.98158
66,-36,1.979529
68,-36,1.976318
70,-36,1.978782
72,-36,1.983559
74,-36,1.9769
76,-36,1.976896
78,-36,1.983172
80,-36,1.980634
82,-36,1.979827
84,-36,1.976215
86,-36,1.978658
88,-36,1.979124
90,-36,1.976612
92,-36,1.981237
94,-36,1.985906
96,-36,1.983039
98,-36,1.988996
100,-36,1.981369
102,-36,1.976291
104,-36,1.978314
106,-36,1.976051
108,-36,1.974035
110,-36,1.981829
112,-36,1.969125
114,-36,1.980221
116,-36,1.968391
118,-36,1.972904
120,-36,1.9723
122,-36,1.973294
124,-36,1.97409
126,-36,1.971983
128,-36,1.133712
130,-36,1.159163
132,-36,1.154468
134,-36,1.152283
136,-36,1.167618
136,-38,1.180203
134,-38,1.159653
132,-38,1.163563
130,-38,1.165323
128,-38,1.174965
126,-38,1.97589
124,-38,1.977964
122,-38,1.974426
120,-38,1.970831
118,-38,1.965969
116,-38,1.967384
114,-38,1.972827
112,-38,1.982694
110,-38,1.977661
108,-38,1.97001
106,-38,1.976322
104,-38,1.977194
102,-38,1.982598
100,-38,1.983235
98,-38,1.985476
96,-38,1.982609
94,-38,1.985216
92,-38,1.985056
90,-38,1.982806
88,-38,1.983883
86,-38,1.973553
84,-38,1.973271
82,-38,1.978171
80,-38,1.981059
78,-38,1.979943
76,-38,1.981909
74,-38,1.9722
72,-38,1.977762
70,-38,1.970073
68,-38,1.973534
66,-38,1.974624
64,-38,1.979244
62,-38,1.978065
60,-38,1.980204
58,-38,1.97695
56,-38,1.971643
54,-38,1.968185
52,-38,1.9829
50,-38,1.973091
48,-38,1.966744
46,-38,1.966145
44,-38,1.962554
42,-38,1.16823
40,-38,1.971089
38,-38,1.973865
36,-38,1.973089
34,-38,1.975198
32,-38,1.973778
30,-38,1.976946
28,-38,1.974589
26,-38,1.979396
24,-38,1.977094
22,-38,1.97829
20,-38,1.978154
18,-38,1.988451
16,-38,1.977834
14,-38,2.000078
12,-38,1.983622
10,-38,1.985807
8,-38,1.985493
6,-38,1.975119
4,-38,1.977895
2,-38,1.978012
0,-38,1.969352
-2,-38,1.972906
-4,-38,1.964123
-6,-38,1.977062
-8,-38,1.991024
-10,-38,1.987185
-12,-38,1.983819
-14,-38,1.995824
-16,-38,1.980103
-18,-38,1.987873
-20,-38,1.988524
-22,-38,1.967631
-24,-38,1.980527
-26,-38,1.986596
-28,-38,1.985092
-30,-38,1.981782
-32,-38,1.96698
-34,-38,1.962314
-36,-38,1.958302
-38,-38,1.960929
-40,-38,1.95606
-42,-38,1.150067
-44,-38,1.954003
-46,-38,1.955712
-48,-38,1.955293
-50,-38,1.963476
-52,-38,1.177012
-54,-38,1.971234
-56,-38,1.974192
-58,-38,1.967266
-60,-38,1.965721
-62,-38,1.968445
-64,-38,1.963032
-66,-38,1.974736
-68,-38,1.967248
-70,-38,1.976439
-72,-38,1.981471
-74,-38,1.967649
-76,-38,1.991539
-78,-38,1.983784
-80,-38,1.979526
-82,-38,1.970694
-84,-38,1.969827
-86,-38,1.965699
-88,-38,1.972213
-90,-38,1.968531
-92,-38,1.974668
-94,-38,1.975493
-96,-38,1.98635
-98,-38,1.976656
-100,-38,1.972
-102,-38,1.974018
-104,-38,1.973028
-106,-38,1.96974
-108,-38,1.969275
-110,-38,1.990293
-112,-38,1.974932
-114,-38,1.968037
-116,-38,1.977181
-118,-38,1.94596
-120,-38,1.949762
-122,-38,1.956246
-124,-38,1.948037
-126,-38,1.157397
-128,-38,1.148936
-130,-38,1.126456
-132,-38,1.138375
-134,-38,1.138037
-136,-38,1.138537
-136,-40,1.133274
-134,-40,1.156353
-132,-40,1.13164
-130,-40,1.137009
-128,-40,1.146628
-126,-40,1.16152
-124,-40,1.956223
-122,-40,1.952679
-120,-40,1.951386
-118,-40,1.941342
-116,-40,1.963622
-114,-40,1.957998
-112,-40,1.975311
-110,-40,1.974399
-108,-40,1.959411
-106,-40,1.964466
-104,-40,1.976685
-102,-40,1.979585
-100,-40,1.969001
-98,-40,1.969387
-96,-40,1.972138
-94,-40,1.974074
-92,-40,1.973718
-90,-40,1.98073
-88,-40,1.970572
-86,-40,1.976128
-84,-40,1.967541
-82,-40,1.977256
-80,-40,1.979792
-78,-40,1.97423
-76,-40,1.9786
-74,-40,1.97838
-72,-40,1.969613
-70,-40,1.965948
-68,-40,1.976081
-66,-40,1.982121
-64,-40,1.980032
-62,-40,1.967133
-60,-40,1.968534
-58,-40,1.966125
-56,-40,1.968825
-54,-40,1.970302
-52,-40,1.128917
-50,-40,1.959429
-48,-40,1.955797
-46,-40,1.960194
-44,-40,1.958523
-42,-40,1.145545
-40,-40,1.961272
-38,-40,1.960221
-36,-40,1.958979
-34,-40,1.966472
-32,-40,1.977273
-30,-40,1.978021
-28,-40,1.978388
-26,-40,1.975123
-24,-40,1.973597
-22,-40,1.97079
-20,-40,1.971044
-18,-40,1.971385
-16,-40,1.975381
-14,-40,1.973083
-12,-40,1.990085
-10,-40,1.986366
-8,-40,1.978037
-6,-40,1.968733
-4,-40,1.96646
-2,-40,1.963243
0,-40,1.963823
2,-40,1.97795
4,-40,1.152326
6,-40,1.166262
8,-40,1.166079
10,-40,1.171863
12,-40,1.175142
14,-40,1.176414
16,-40,1.155458
18,-40,1.172211
20,-40,1.157673
22,-40,1.158515
24,-40,1.154841
26,-40,1.145294
28,-40,1.147138
30,-40,1.143496
32,-40,1.957969
34,-40,1.977023
36,-40,1.971537
38,-40,1.973992
40,-40,1.973017
42,-40,1.172114
44,-40,1.977375
46,-40,1.974461
48,-40,1.974699
50,-40,1.979737
52,-40,1.962085
54,-40,1.95568
56,-40,1.957497
58,-40,1.964419
60,-40,1.966742
62,-40,1.97146
64,-40,1.973565
66,-40,1.96331
68,-40,1.959229
70,-40,1.968171
72,-40,1.96808
74,-40,1.964311
76,-40,1.976849
78,-40,1.974925
80,-40,1.973278
82,-40,1.968104
84,-40,1.966649
86,-40,1.96535
88,-40,1.97589
90,-40,1.974824
92,-40,1.967475
94,-40,1.969765
96,-40,1.972163
98,-40,1.967563
100,-40,1.970249
102,-40,1.974342
104,-40,1.972764
106,-40,1.97247
108,-40,1.976279
110,-40,1.983811
112,-40,1.977227
114,-40,1.960764
116,-40,1.951771
118,-40,1.965801
120,-40,1.969196
122,-40,1.969938
124,-40,1.97362
126,-40,1.980175
128,-40,1.185898
130,-40,1.158123
132,-40,1.142333
134,-40,1.164723
136,-40,1.161473
134,-42,1.162005
132,-42,1.172695
130,-42,1.1695
128,-42,1.152188
126,-42,1.974538
124,-42,1.971731
122,-42,1.96985
120,-42,1.96787
118,-42,1.954731
116,-42,1.962789
114,-42,1.964126
112,-42,1.970565
110,-42,1.970706
108,-42,1.971469
106,-42,1.962214
104,-42,1.965143
102,-42,1.964479
100,-42,1.966086
98,-42,1.966037
96,-42,1.963235
94,-42,1.965439
92,-42,1.970284
90,-42,1.970459
88,-42,1.972073
86,-42,1.96753
84,-42,1.972399
82,-42,1.97594
80,-42,1.976073
78,-42,1.977857
76,-42,1.975044
74,-42,1.972688
72,-42,1.969003
70,-42,1.961138
68,-42,1.973956
66,-42,1.970948
64,-42,1.957398
62,-42,1.968288
60,-42,1.965941
58,-42,1.964168
56,-42,1.957988
54,-42,1.954926
52,-42,1.969356
50,-42,1.976039
48,-42,1.973666
46,-42,1.975789
44,-42,1.971725
42,-42,1.173968
40,-42,1.980713
38,-42,1.979422
36,-42,1.979436
34,-42,1.976441
32,-42,1.961599
30,-42,1.964837
28,-42,1.958952
26,-42,1.95647
24,-42,1.959732
22,-42,1.964574
20,-42,1.963868
18,-42,1.970264
16,-42,1.974994
14,-42,1.970794
12,-42,1.971428
10,-42,1.968867
8,-42,1.982629
6,-42,1.965347
4,-42,1.970778
2,-42,1.970545
0,-42,1.946735
-2,-42,1.962261
-4,-42,1.963455
-6,-42,1.959169
-8,-42,1.967917
-10,-42,1.97276
-12,-42,1.989326
-14,-42,1.967658
-16,-42,1.970411
-18,-42,1.970106
-20,-42,1.961927
-22,-42,1.969254
-24,-42,1.970793
-26,-42,1.971574
-28,-42,1.96462
-30,-42,1.965447
-32,-42,1.958416
-34,-42,1.967983
-36,-42,1.96818
-38,-42,1.962661
-40,-42,1.958559
-42,-42,1.142444
-44,-42,1.959607
-46,-42,1.960012
-48,-42,1.969198
-50,-42,1.968512
-52,-42,1.954869
-54,-42,1.949703
-56,-42,1.955624
-58,-42,1.957512
-60,-42,1.958088
-62,-42,1.949361
-64,-42,1.955106
-66,-42,1.950077
-68,-42,1.960328
-70,-42,1.960628
-72,-42,1.967274
-74,-42,1.953513
-76,-42,1.954804
-78,-42,1.959901
-80,-42,1.957544
-82,-42,1.958359
-84,-42,1.958273
-86,-42,1.960878
-88,-42,1.965599
-90,-42,1.973677
-92,-42,1.968871
-94,-42,1.971768
-96,-42,1.963505
-98,-42,1.966914
-100,-42,1.961346
-102,-42,1.965361
-104,-42,1.959965
-106,-42,1.951754
-108,-42,1.955392
-110,-42,1.952564
-112,-42,1.969441
-114,-42,1.952462
-116,-42,1.955576
-118,-42,1.95539
-120,-42,1.962853
-122,-42,1.955367
-124,-42,1.954571
-126,-42,1.140771
-128,-42,1.145836
-130,-42,1.154551
-132,-42,1.122802
-134,-42,1.138407
-134,-44,1.139294
-132,-44,1.131849
-130,-44,1.136473
-128,-44,1.15692
-126,-44,1.160809
-124,-44,1.95433
-122,-44,1.956632
-120,-44,1.95927
-118,-44,1.96415
-116,-44,1.943803
-114,-44,1.95899
-112,-44,1.96861
-110,-44,1.952015
-108,-44,1.976218
-106,-44,1.980954
-104,-44,1.97455
-102,-44,1.965718
-100,-44,1.963001
-98,-44,1.969316
-96,-44,1.969911
-94,-44,1.969076
-92,-44,1.968471
-90,-44,1.960709
-88,-44,1.964914
-86,-44,1.953478
-84,-44,1.954825
-82,-44,1.957703
-80,-44,1.967202
-78,-44,1.965371
-76,-44,1.955841
-74,-44,1.953709
-72,-44,1.939951
-70,-44,1.959042
-68,-44,1.971203
-66,-44,1.960201
-64,-44,1.961191
-62,-44,1.95382
-60,-44,1.960915
-58,-44,1.953247
-56,-44,1.948471
-54,-44,1.945808
-52,-44,1.955899
-50,-44,1.969358
-48,-44,1.96498
-46,-44,1.958917
-44,-44,1.961444
-42,-44,1.140787
-40,-44,1.958287
-38,-44,1.961429
-36,-44,1.966174
-34,-44,1.969115
-32,-44,1.95862
-30,-44,1.957762
-28,-44,1.961646
-26,-44,1.962526
-24,-44,1.965873
-22,-44,1.962169
-20,-44,1.960909
-18,-44,1.970012
-16,-44,1.971087
-14,-44,1.974295
-12,-44,1.972001
-10,-44,1.963343
-8,-44,1.965598
-6,-44,1.969915
-4,-44,1.987435
-2,-44,1.974035
0,-44,1.967437
2,-44,1.967271
4,-44,1.957441
6,-44,1.957938
8,-44,1.964039
10,-44,1.959696
12,-44,1.974953
14,-44,1.974867
16,-44,1.97157
18,-44,1.961605
20,-44,1.962838
22,-44,1.965181
24,-44,1.960576
26,-44,1.95553
28,-44,1.95751
30,-44,1.958845
32,-44,1.959245
34,-44,1.988118
36,-44,1.981037
38,-44,1.976192
40,-44,1.973721
42,-44,1.149024
44,-44,1.96777
46,-44,1.973237
48,-44,1.974654
50,-44,1.978999
52,-44,1.976443
54,-44,1.956812
56,-44,1.955177
58,-44,1.95704
60,-44,1.964406
62,-44,1.9675
64,-44,1.966832
66,-44,1.968329
68,-44,1.9662
70,-44,1.966184
72,-44,1.972164
74,-44,1.973758
76,-44,1.970286
78,-44,1.975784
80,-44,1.975798
82,-44,1.977592
84,-44,1.974219
86,-44,1.967642
88,-44,1.966783
90,-44,1.969078
92,-44,1.967536
94,-44,1.967486
96,-44,1.961806
98,-44,1.96332
100,-44,1.96527
102,-44,1.96793
104,-44,1.963174
106,-44,1.959278
108,-44,1.966579
110,-44,1.958647
112,-44,1.975657
114,-44,1.970893
116,-44,1.966964
118,-44,1.959016
120,-44,1.97144
122,-44,1.97415
124,-44,1.974826
126,-44,1.975316
128,-44,1.129132
130,-44,1.136749
132,-44,1.15366
134,-44,1.175622
134,-46,1.157375
132,-46,1.16485
130,-46,1.142656
128,-46,1.16609
126,-46,1.980218
124,-46,1.978298
122,-46,1.980134
120,-46,1.981154
118,-46,1.968681
116,-46,1.974387
114,-46,1.953141
112,-46,1.967427
110,-46,1.958787
108,-46,1.973826
106,-46,1.96788
104,-46,1.962597
102,-46,1.96195
100,-46,1.964234
98,-46,1.969425
96,-46,1.96981
94,-46,1.966395
92,-46,1.967657
90,-46,1.968446
88,-46,1.969235
86,-46,1.966955
84,-46,1.961569
82,-46,1.971521
80,-46,1.972181
78,-46,1.972516
76,-46,1.968738
74,-46,1.971979
72,-46,1.972527
70,-46,1.964702
68,-46,1.970931
66,-46,1.958054
64,-46,1.960141
62,-46,1.95625
60,-46,1.976674
58,-46,1.95453
56,-46,1.954502
54,-46,1.96166
52,-46,1.979179
50,-46,1.978799
48,-46,1.973071
46,-46,1.969304
44,-46,1.968659
42,-46,1.182075
40,-46,1.969603
38,-46,1.977259
36,-46,1.977684
34,-46,1.980949
32,-46,1.961417
30,-46,1.959442
28,-46,1.95697
26,-46,1.958991
24,-46,1.958179
22,-46,1.962243
20,-46,1.965919
18,-46,1.966186
16,-46,1.963131
14,-46,1.966717
12,-46,1.969742
10,-46,1.962361
8,-46,1.964001
6,-46,1.961444
4,-46,1.960392
2,-46,1.958239
0,-46,1.953035
-2,-46,1.960521
-4,-46,1.968009
-6,-46,1.967148
-8,-46,1.974392
-10,-46,1.962502
-12,-46,1.969252
-14,-46,1.971451
-16,-46,1.968871
-18,-46,1.965079
-20,-46,1.958501
-22,-46,1.962544
-24,-46,1.960698
-26,-46,1.958919
-28,-46,1.964122
-30,-46,1.967284
-32,-46,1.956844
-34,-46,1.968936
-36,-46,1.962995
-38,-46,1.968898
-40,-46,1.961835
-42,-46,1.145817
-44,-46,1.956776
-46,-46,1.962507
-48,-46,1.958384
-50,-46,1.966022
-52,-46,1.957533
-54,-46,1.957049
-56,-46,1.9428
-58,-46,1.941156
-60,-46,1.964347
-62,-46,1.95887
-64,-46,1.969352
-66,-46,1.96587
-68,-46,1.964473
-70,-46,1.958321
-72,-46,1.954789
-74,-46,1.951152
-76,-46,1.950282
-78,-46,1.95811
-80,-46,1.963158
-82,-46,1.966414
-84,-46,1.958707
-86,-46,1.959486
-88,-46,1.959152
-90,-46,1.953697
-92,-46,1.968799
-94,-46,1.969943
-96,-46,1.95474
-98,-46,1.963989
-100,-46,1.963753
-102,-46,1.976923
-104,-46,1.970519
-106,-46,1.974987
-108,-46,1.97139
-110,-46,1.963131
-112,-46,1.949637
-114,-46,1.958517
-116,-46,1.966688
-118,-46,1.973474
-120,-46,1.971216
-122,-46,1.962869
-124,-46,1.963865
-126,-46,1.153792
-128,-46,1.166022
-130,-46,1.13848
-132,-46,1.14722
-134,-46,1.137705
-132,-48,1.146358
-130,-48,1.14397
-128,-48,1.154691
-126,-48,1.141264
-124,-48,1.964656
-122,-48,1.968082
-120,-48,1.961266
-118,-48,1.959083
-116,-48,1.953172
-114,-48,1.955389
-112,-48,1.952998
-110,-48,1.964185
-108,-48,1.949775
-106,-48,1.955446
-104,-48,1.976323
-102,-48,1.96867
-100,-48,1.962043
-98,-48,1.962452
-96,-48,1.970662
-94,-48,1.963983
-92,-48,1.964422
-90,-48,1.961228
-88,-48,1.966726
-86,-48,1.960789
-84,-48,1.974886
-82,-48,1.975397
-80,-48,1.95934
-78,-48,1.958008
-76,-48,1.948111
-74,-48,1.945736
-72,-48,1.953241
-70,-48,1.955116
-68,-48,1.959028
-66,-48,1.967748
-64,-48,1.957943
-62,-48,1.951594
-60,-48,1.954482
-58,-48,1.960175
-56,-48,1.954782
-54,-48,1.957182
-52,-48,1.956132
-50,-48,1.957868
-48,-48,1.960549
-46,-48,1.95742
-44,-48,1.959531
-42,-48,1.142028
-40,-48,1.964637
-38,-48,1.962775
-36,-48,1.958929
-34,-48,1.9631
-32,-48,1.965432
-30,-48,1.964
-28,-48,1.960422
-26,-48,1.955619
-24,-48,1.95955
-22,-48,1.967758
-20,-48,1.961262
-18,-48,1.966106
-16,-48,1.968486
-14,-48,1.972617
-12,-48,1.952071
-10,-48,1.967508
-8,-48,1.977022
-6,-48,1.968944
-4,-48,1.960596
-2,-48,1.95809
0,-48,1.953648
2,-48,1.955773
4,-48,1.965331
6,-48,1.966286
8,-48,1.960011
10,-48,1.961981
12,-48,1.964735
14,-48,1.966722
16,-48,1.964616
18,-48,1.967119
20,-48,1.968701
22,-48,1.965825
24,-48,1.963121
26,-48,1.962139
28,-48,1.973018
30,-48,1.966763
32,-48,1.957706
34,-48,1.967954
36,-48,1.975303
38,-48,1.975014
40,-48,1.968718
42,-48,1.171294
44,-48,1.967753
46,-48,1.967486
48,-48,1.973142
50,-48,1.975918
52,-48,1.974535
54,-48,1.963083
56,-48,1.958707
58,-48,1.955659
60,-48,1.962505
62,-48,1.953216
64,-48,1.970048
66,-48,1.961878
68,-48,1.963679
70,-48,1.967006
72,-48,1.97463
74,-48,1.973042
76,-48,1.96631
78,-48,1.964042
80,-48,1.967375
82,-48,1.971289
84,-48,1.971473
86,-48,1.966913
88,-48,1.965676
90,-48,1.96802
92,-48,1.966288
94,-48,1.974015
96,-48,1.971998
98,-48,1.972265
100,-48,1.97132
102,-48,1.968434
104,-48,1.96105
106,-48,1.949371
108,-48,1.968083
110,-48,1.965582
112,-48,1.97918
114,-48,1.97478
116,-48,1.965199
118,-48,1.962237
120,-48,1.974512
122,-48,1.973367
124,-48,1.976688
126,-48,1.980425
128,-48,1.157724
130,-48,1.208843
132,-48,1.154807
132,-50,1.166845
130,-50,1.17632
128,-50,1.157447
126,-50,1.972915
124,-50,1.976446
122,-50,1.978338
120,-50,1.97742
118,-50,1.96414
116,-50,1.966188
114,-50,1.965716
112,-50,1.969968
110,-50,1.957613
108,-50,1.975883
106,-50,1.953836
104,-50,1.963077
102,-50,1.96874
100,-50,1.971104
98,-50,1.972262
96,-50,1.975207
94,-50,1.970335
92,-50,1.965118
90,-50,1.965855
88,-50,1.963358
86,-50,1.966012
84,-50,1.970151
82,-50,1.969068
80,-50,1.968263
78,-50,1.970628
76,-50,1.972916
74,-50,1.970535
72,-50,1.968189
70,-50,1.964022
68,-50,1.972773
66,-50,1.958163
64,-50,1.966623
62,-50,1.956381
60,-50,1.955924
58,-50,1.965867
56,-50,1.959751
54,-50,1.96395
52,-50,1.972102
50,-50,1.973025
48,-50,1.969003
46,-50,1.961344
44,-50,1.960643
42,-50,1.154077
40,-50,1.964437
38,-50,1.973118
36,-50,1.968113
34,-50,1.970239
32,-50,1.962887
30,-50,1.970647
28,-50,1.966563
26,-50,1.968311
24,-50,1.96347
22,-50,1.965524
20,-50,1.962464
18,-50,1.964792
16,-50,1.955892
14,-50,1.961291
12,-50,1.959954
10,-50,1.954478
8,-50,1.959393
6,-50,1.964614
4,-50,1.964205
2,-50,1.95407
0,-50,1.955547
-2,-50,1.952321
-4,-50,1.964033
-6,-50,1.96452
-8,-50,1.971504
-10,-50,1.960185
-12,-50,1.957363
-14,-50,1.957806
-16,-50,1.969304
-18,-50,1.964587
-20,-50,1.967291
-22,-50,1.970533
-24,-50,1.961554
-26,-50,1.952124
-28,-50,1.954438
-30,-50,1.963156
-32,-50,1.965766
-34,-50,1.973916
-36,-50,1.962259
-38,-50,1.959147
-40,-50,1.960818
-42,-50,1.142316
-44,-50,1.953158
-46,-50,1.961785
-48,-50,1.961813
-50,-50,1.96364
-52,-50,1.950575
-54,-50,1.962672
-56,-50,1.951523
-58,-50,1.956377
-60,-50,1.951142
-62,-50,1.939338
-64,-50,1.949904
-66,-50,1.966419
-68,-50,1.961249
-70,-50,1.958188
-72,-50,1.955198
-74,-50,1.953372
-76,-50,1.949806
-78,-50,1.953148
-80,-50,1.952092
-82,-50,1.97087
-84,-50,1.969939
-86,-50,1.961379
-88,-50,1.968484
-90,-50,1.964601
-92,-50,1.965831
-94,-50,1.956986
-96,-50,1.96345
-98,-50,1.965343
-100,-50,1.962661
-102,-50,1.971823
-104,-50,1.947979
-106,-50,1.968458
-108,-50,1.954927
-110,-50,1.961765
-112,-50,1.952459
-114,-50,1.958292
-116,-50,1.954155
-118,-50,1.96429
-120,-50,1.967181
-122,-50,1.965323
-124,-50,1.971348
-126,-50,1.186769
-128,-50,1.183148
-130,-50,1.124878
-132,-50,1.163195
-132,-52,1.15693
-130,-52,1.188813
-128,-52,1.145537
-126,-52,1.177889
-124,-52,1.962744
-122,-52,1.959234
-120,-52,1.95508
-118,-52,1.970235
-116,-52,1.961748
-114,-52,1.963364
-112,-52,1.949344
-110,-52,1.960939
-108,-52,1.957079
-106,-52,1.955491
-104,-52,1.952203
-102,-52,1.959101
-100,-52,1.965075
-98,-52,1.964679
-96,-52,1.961359
-94,-52,1.95946
-92,-52,1.953592
-90,-52,1.962971
-88,-52,1.960491
-86,-52,1.96348
-84,-52,1.977096
-82,-52,1.974972
-80,-52,1.954645
-78,-52,1.947875
-76,-52,1.9506
-74,-52,1.960541
-72,-52,1.950386
-70,-52,1.959235
-68,-52,1.955437
-66,-52,1.962526
-64,-52,1.961709
-62,-52,1.944908
-60,-52,1.962525
-58,-52,1.956873
-56,-52,1.954217
-54,-52,1.969404
-52,-52,1.945831
-50,-52,1.96058
-48,-52,1.957102
-46,-52,1.960034
-44,-52,1.95896
-42,-52,1.140831
-40,-52,1.958048
-38,-52,1.956574
-36,-52,1.964002
-34,-52,1.972377
-32,-52,1.957723
-30,-52,1.958406
-28,-52,1.956939
-26,-52,1.955048
-24,-52,1.957154
-22,-52,1.965702
-20,-52,1.964147
-18,-52,1.967196
-16,-52,1.969116
-14,-52,1.945918
-12,-52,1.961885
-10,-52,1.968066
-8,-52,1.971788
-6,-52,1.951961
-4,-52,1.942465
-2,-52,1.940444
0,-52,1.944387
2,-52,1.952475
4,-52,1.959583
6,-52,1.963039
8,-52,1.953098
10,-52,1.956658
12,-52,1.953679
14,-52,1.95846
16,-52,1.952459
18,-52,1.958533
20,-52,1.956671
22,-52,1.964101
24,-52,1.960818
26,-52,1.964639
28,-52,1.96767
30,-52,1.9626
32,-52,1.965241
34,-52,1.972486
36,-52,1.9673
38,-52,1.967054
40,-52,1.970461
42,-52,1.139907
44,-52,1.956215
46,-52,1.962059
48,-52,1.968304
50,-52,1.974411
52,-52,1.975823
54,-52,1.968065
56,-52,1.9584
58,-52,1.980992
60,-52,1.964301
62,-52,1.968694
64,-52,1.97818
66,-52,1.967131
68,-52,1.960269
70,-52,1.959468
72,-52,1.964625
74,-52,1.969196
76,-52,1.976392
78,-52,1.971709
80,-52,1.964409
82,-52,1.966729
84,-52,1.968652
86,-52,1.968997
88,-52,1.970013
90,-52,1.967634
92,-52,1.964604
94,-52,1.969811
96,-52,1.973375
98,-52,1.972773
100,-52,1.969794
102,-52,1.968062
104,-52,1.958178
106,-52,1.964053
108,-52,1.978363
110,-52,1.96803
112,-52,1.968008
114,-52,1.96837
116,-52,1.964474
118,-52,1.964639
120,-52,1.970955
122,-52,1.972253
124,-52,1.976127
126,-52,1.983044
128,-52,1.149409
130,-52,1.203562
132,-52,1.184109
130,-54,1.174532
128,-54,1.155786
126,-54,1.169248
124,-54,1.16968
122,-54,1.169596
120,-54,1.159216
118,-54,1.1649
116,-54,1.156537
114,-54,1.144275
112,-54,1.154236
110,-54,1.155638
108,-54,1.145716
106,-54,1.149373
104,-54,1.155302
102,-54,1.140482
100,-54,1.16399
98,-54,1.164241
96,-54,1.143327
94,-54,1.156992
92,-54,1.157119
90,-54,1.160813
88,-54,1.162074
86,-54,1.158883
84,-54,1.157637
82,-54,1.155825
80,-54,1.161179
78,-54,1.162306
76,-54,1.165782
74,-54,1.159758
72,-54,1.160057
70,-54,1.150787
68,-54,1.152782
66,-54,1.153048
64,-54,1.156616
62,-54,1.162959
60,-54,1.143775
58,-54,1.149262
56,-54,1.140522
54,-54,1.142168
52,-54,1.152636
50,-54,1.148038
48,-54,1.150988
46,-54,1.147538
44,-54,1.146354
42,-54,1.154354
40,-54,1.15714
38,-54,1.158207
36,-54,1.14925
34,-54,1.15417
32,-54,1.154898
30,-54,1.15692
28,-54,1.15495
26,-54,1.156272
24,-54,1.15356
22,-54,1.154488
20,-54,1.150804
18,-54,1.149788
16,-54,1.147016
14,-54,1.141674
12,-54,1.147032
10,-54,1.150598
8,-54,1.147596
6,-54,1.168202
4,-54,1.154667
2,-54,1.152672
0,-54,1.141315
-2,-54,1.133549
-4,-54,1.127959
-6,-54,1.132945
-8,-54,1.166404
-10,-54,1.154968
-12,-54,1.142347
-14,-54,1.141322
-16,-54,1.155823
-18,-54,1.163356
-20,-54,1.169166
-22,-54,1.162419
-24,-54,1.161244
-26,-54,1.155035
-28,-54,1.164929
-30,-54,1.149809
-32,-54,1.156933
-34,-54,1.169011
-36,-54,1.160055
-38,-54,1.148545
-40,-54,1.159299
-42,-54,1.146276
-44,-54,1.119036
-46,-54,1.121087
-48,-54,1.161057
-50,-54,1.128017
-52,-54,1.113889
-54,-54,1.117051
-56,-54,1.131292
-58,-54,1.277897
-60,-54,1.134105
-62,-54,1.142684
-64,-54,1.135034
-66,-54,1.183402
-68,-54,1.136502
-70,-54,1.162501
-72,-54,1.150674
-74,-54,1.13484
-76,-54,1.146842
-78,-54,1.158773
-80,-54,1.196463
-82,-54,1.15804
-84,-54,1.164949
-86,-54,1.151217
-88,-54,1.143734
-90,-54,1.121767
-92,-54,1.136326
-94,-54,1.129037
-96,-54,1.131936
-98,-54,1.141078
-100,-54,1.143201
-102,-54,1.148586
-104,-54,1.1373
-106,-54,1.144628
-108,-54,1.156192
-110,-54,1.135501
-112,-54,1.125613
-114,-54,1.136431
-116,-54,1.1609
-118,-54,1.139658
-120,-54,1.151795
-122,-54,1.12873
-124,-54,1.131355
-126,-54,1.12593
-128,-54,1.136366
-130,-54,1.18479
-130,-56,1.139862
-128,-56,1.144043
-126,-56,1.156749
-124,-56,1.152302
-122,-56,1.160199
-120,-56,1.159294
-118,-56,1.172492
-116,-56,1.166572
-114,-56,1.153483
-112,-56,1.161714
-110,-56,1.177529
-108,-56,1.149531
-106,-56,1.14744
-104,-56,1.170721
-102,-56,1.16234
-100,-56,1.157191
-98,-56,1.168922
-96,-56,1.150338
-94,-56,1.159111
-92,-56,1.148796
-90,-56,1.184651
-88,-56,1.165883
-86,-56,1.132886
-84,-56,1.156405
-82,-56,1.173299
-80,-56,1.163203
-78,-56,1.176433
-76,-56,1.137651
-74,-56,1.160352
-72,-56,1.182245
-70,-56,1.177564
-68,-56,1.174942
-66,-56,1.155307
-64,-56,1.180906
-62,-56,1.155153
-60,-56,1.171857
-58,-56,1.128412
-56,-56,1.134695
-54,-56,1.153133
-52,-56,1.13719
-50,-56,1.158
-48,-56,1.159771
-46,-56,1.146724
-44,-56,1.173809
-42,-56,1.145121
-40,-56,1.972872
-38,-56,1.979415
-36,-56,1.968354
-34,-56,1.953736
-32,-56,1.959281
-30,-56,1.957117
-28,-56,1.956112
-26,-56,1.947868
-24,-56,1.951293
-22,-56,1.964114
-20,-56,1.964462
-18,-56,1.956995
-16,-56,1.947556
-14,-56,1.945538
-12,-56,1.958122
-10,-56,1.961706
-8,-56,1.966665
-6,-56,1.96017
-4,-56,1.957762
-2,-56,1.958331
0,-56,1.959281
2,-56,1.956767
4,-56,1.95368
6,-56,1.95523
8,-56,1.949786
10,-56,1.947303
12,-56,1.959046
14,-56,1.958252
16,-56,1.953284
18,-56,1.95647
20,-56,1.963209
22,-56,1.957247
24,-56,1.961885
26,-56,1.961704
28,-56,1.965254
30,-56,1.959911
32,-56,1.958036
34,-56,1.968607
36,-56,1.973635
38,-56,1.975178
40,-56,1.972711
42,-56,1.138845
44,-56,1.160394
46,-56,1.15568
48,-56,1.147048
50,-56,1.157009
52,-56,1.147812
54,-56,1.15818
56,-56,1.155082
58,-56,1.160211
60,-56,1.138168
62,-56,1.152849
64,-56,1.146552
66,-56,1.145464
68,-56,1.141795
70,-56,1.144262
72,-56,1.155278
74,-56,1.146206
76,-56,1.168955
78,-56,1.156128
80,-56,1.170592
82,-56,1.144606
84,-56,1.150517
86,-56,1.180633
88,-56,1.213343
90,-56,1.273931
92,-56,1.303929
94,-56,1.136519
96,-56,1.182222
98,-56,1.156888
100,-56,1.155292
102,-56,1.155609
104,-56,1.154182
106,-56,1.15923
108,-56,1.140988
110,-56,1.142636
112,-56,1.129671
114,-56,1.135109
116,-56,1.141837
118,-56,1.13424
120,-56,1.161037
122,-56,1.148932
124,-56,1.167476
126,-56,1.1596
128,-56,1.174896
130,-56,1.159707
128,-58,1.154161
126,-58,1.178912
124,-58,1.183715
122,-58,1.190788
120,-58,1.156137
118,-58,1.159412
116,-58,1.174334
114,-58,1.161261
112,-58,1.151682
110,-58,1.167068
108,-58,1.179702
106,-58,1.160163
104,-58,1.164327
102,-58,1.149781
100,-58,1.132856
98,-58,1.15405
96,-58,1.152438
94,-58,1.158372
92,-58,1.121756
90,-58,1.150325
88,-58,1.154111
86,-58,1.150276
84,-58,1.157842
82,-58,1.151623
80,-58,1.160114
78,-58,1.138278
76,-58,1.14888
74,-58,1.145563
72,-58,1.158766
70,-58,1.158882
68,-58,1.13846
66,-58,1.155016
64,-58,1.155052
62,-58,1.149855
60,-58,1.139951
58,-58,1.156614
56,-58,1.193633
54,-58,1.171942
52,-58,1.12881
50,-58,1.120343
48,-58,1.145396
46,-58,1.148924
44,-58,1.141962
42,-58,1.185002
40,-58,1.97118
38,-58,1.971048
36,-58,1.966867
34,-58,1.972604
32,-58,1.9581
30,-58,1.961264
28,-58,1.959797
26,-58,1.962861
24,-58,1.964422
22,-58,1.963127
20,-58,1.963936
18,-58,1.96045
16,-58,1.951076
14,-58,1.95311
12,-58,1.964538
10,-58,1.95053
8,-58,1.956768
6,-58,1.956976
4,-58,1.953759
2,-58,1.955216
0,-58,1.959604
-2,-58,1.95733
-4,-58,1.963362
-6,-58,1.959479
-8,-58,1.966065
-10,-58,1.956256
-12,-58,1.963309
-14,-58,1.955363
-16,-58,1.950264
-18,-58,1.956181
-20,-58,1.963236
-22,-58,1.962864
-24,-58,1.955323
-26,-58,1.95397
-28,-58,1.947589
-30,-58,1.963799
-32,-58,1.952324
-34,-58,1.958817
-36,-58,1.956813
-38,-58,1.965768
-40,-58,1.96882
-42,-58,1.153479
-44,-58,1.133912
-46,-58,1.147596
-48,-58,1.138866
-50,-58,1.146548
-52,-58,1.134112
-54,-58,1.150768
-56,-58,1.130791
-58,-58,1.148578
-60,-58,1.115141
-62,-58,1.159998
-64,-58,1.137382
-66,-58,1.140306
-68,-58,1.13494
-70,-58,1.142115
-72,-58,1.146958
-74,-58,1.137481
-76,-58,1.154519
-78,-58,1.152093
-80,-58,1.150356
-82,-58,1.157948
-84,-58,1.155852
-86,-58,1.140971
-88,-58,1.19211
-90,-58,1.192855
-92,-58,1.178537
-94,-58,1.13811
-96,-58,1.142604
-98,-58,1.149192
-100,-58,1.172405
-102,-58,1.131482
-104,-58,1.142906
-106,-58,1.14867
-108,-58,1.147227
-110,-58,1.160855
-112,-58,1.138284
-114,-58,1.152424
-116,-58,1.137842
-118,-58,1.146234
-120,-58,1.144894
-122,-58,1.156279
-124,-58,1.134443
-126,-58,1.138328
-128,-58,1.15854
-128,-60,1.109033
-126,-60,1.139787
-124,-60,1.131207
-122,-60,1.131869
-120,-60,1.139688
-118,-60,1.142378
-116,-60,1.148487
-114,-60,1.150965
-112,-60,1.146503
-110,-60,1.137949
-108,-60,1.167147
-106,-60,1.138354
-104,-60,1.173755
-102,-60,1.146156
-100,-60,1.143749
-98,-60,1.149354
-96,-60,1.146947
-94,-60,1.141201
-92,-60,1.161338
-90,-60,1.163172
-88,-60,1.117977
-86,-60,1.134803
-84,-60,1.172123
-82,-60,1.164637
-80,-60,1.1459
-78,-60,1.152318
-76,-60,1.135633
-74,-60,1.144518
-72,-60,1.154781
-70,-60,1.156914
-68,-60,1.154069
-66,-60,1.130989
-64,-60,1.151681
-62,-60,1.14834
-60,-60,1.130946
-58,-60,1.143511
-56,-60,1.14022
-54,-60,1.133395
-52,-60,1.129922
-50,-60,1.140627
-48,-60,1.137208
-46,-60,1.137239
-44,-60,1.138463
-42,-60,1.150357
-40,-60,1.95751
-38,-60,1.957787
-36,-60,1.957939
-34,-60,1.962772
-32,-60,1.959899
-30,-60,1.956259
-28,-60,1.957836
-26,-60,1.961176
-24,-60,1.954813
-22,-60,1.963981
-20,-60,1.958041
-18,-60,1.948979
-16,-60,1.948727
-14,-60,1.960212
-12,-60,1.966636
-10,-60,1.958989
-8,-60,1.962575
-6,-60,1.954447
-4,-60,1.963889
-2,-60,1.955239
0,-60,1.952774
2,-60,1.956012
4,-60,1.954901
6,-60,1.964068
8,-60,1.959418
10,-60,1.952964
12,-60,1.960381
14,-60,1.957624
16,-60,1.949153
18,-60,1.959078
20,-60,1.966069
22,-60,1.969173
24,-60,1.970231
26,-60,1.972005
28,-60,1.960228
30,-60,1.958077
32,-60,1.957935
34,-60,1.975013
36,-60,1.973507
38,-60,1.968744
40,-60,1.968957
42,-60,1.160907
44,-60,1.129408
46,-60,1.150767
48,-60,1.162564
50,-60,1.130409
52,-60,1.125404
54,-60,1.176199
56,-60,1.142209
58,-60,1.147777
60,-60,1.152514
62,-60,1.155664
64,-60,1.154308
66,-60,1.148903
68,-60,1.176523
70,-60,1.155747
72,-60,1.162299
74,-60,1.158143
76,-60,1.134208
78,-60,1.14879
80,-60,1.170332
82,-60,1.153418
84,-60,1.173249
86,-60,1.141332
88,-60,1.251447
90,-60,1.026909
92,-60,1.037572
94,-60,1.164618
96,-60,1.152843
98,-60,1.156458
100,-60,1.132362
102,-60,1.152329
104,-60,1.164819
106,-60,1.145933
108,-60,1.170367
110,-60,1.140783
112,-60,1.139777
114,-60,1.170981
116,-60,1.167172
118,-60,1.158444
120,-60,1.155454
122,-60,1.168253
124,-60,1.190554
126,-60,1.186532
128,-60,1.171824
126,-62,1.194532
124,-62,1.142526
122,-62,1.185021
120,-62,1.170832
118,-62,1.14936
116,-62,1.188008
114,-62,1.15279
112,-62,1.15168
110,-62,1.160454
108,-62,1.14886
106,-62,1.154592
104,-62,1.187045
102,-62,1.155529
100,-62,1.147001
98,-62,1.135921
96,-62,1.157974
94,-62,1.156746
92,-62,1.190507
90,-62,1.23063
88,-62,1.301812
86,-62,1.160059
84,-62,1.171503
82,-62,1.156599
80,-62,1.159914
78,-62,1.132272
76,-62,1.146696
74,-62,1.141625
72,-62,1.136824
70,-62,1.136635
68,-62,1.132396
66,-62,1.144222
64,-62,1.137959
62,-62,1.13089
60,-62,1.140476
58,-62,1.136229
56,-62,1.150157
54,-62,1.13976
52,-62,1.13456
50,-62,1.133986
48,-62,1.135578
46,-62,1.148698
44,-62,1.151098
42,-62,1.148957
40,-62,1.970328
38,-62,1.972946
36,-62,1.975052
34,-62,1.969902
32,-62,1.959941
30,-62,1.96291
28,-62,1.968101
26,-62,1.964468
24,-62,1.961223
22,-62,1.955343
20,-62,1.963014
18,-62,1.954925
16,-62,1.948446
14,-62,1.959645
12,-62,1.967481
10,-62,1.947785
8,-62,1.963945
6,-62,1.96694
4,-62,1.948697
2,-62,1.953273
0,-62,1.948534
-2,-62,1.958717
-4,-62,1.960818
-6,-62,1.953108
-8,-62,1.957983
-10,-62,1.955158
-12,-62,1.960547
-14,-62,1.96428
-16,-62,1.958894
-18,-62,1.955573
-20,-62,1.968491
-22,-62,1.965212
-24,-62,1.956517
-26,-62,1.953076
-28,-62,1.959251
-30,-62,1.955831
-32,-62,1.965742
-34,-62,1.962323
-36,-62,1.95631
-38,-62,1.961623
-40,-62,1.957003
-42,-62,1.138499
-44,-62,1.147608
-46,-62,1.13674
-48,-62,1.145553
-50,-62,1.148593
-52,-62,1.129203
-54,-62,1.117013
-56,-62,1.1278
-58,-62,1.16715
-60,-62,1.140137
-62,-62,1.152726
-64,-62,1.121374
-66,-62,1.167972
-68,-62,1.155527
-70,-62,1.155647
-72,-62,1.14395
-74,-62,1.139643
-76,-62,1.150302
-78,-62,1.14002
-80,-62,1.143635
-82,-62,1.153783
-84,-62,1.171762
-86,-62,1.154867
-88,-62,1.17024
-90,-62,1.184235
-92,-62,1.161032
-94,-62,1.163549
-96,-62,1.177565
-98,-62,1.143775
-100,-62,1.155321
-102,-62,1.149132
-104,-62,1.183757
-106,-62,1.154741
-108,-62,1.130434
-110,-62,1.164599
-112,-62,1.153615
-114,-62,1.15146
-116,-62,1.164454
-118,-62,1.148458
-120,-62,1.131713
-122,-62,1.127253
-124,-62,1.112665
-126,-62,1.141934
-126,-64,1.121043
-124,-64,1.119076
-122,-64,1.128074
-120,-64,1.130991
-118,-64,1.155796
-116,-64,1.134981
-114,-64,1.149126
-112,-64,1.14271
-110,-64,1.138725
-108,-64,1.139005
-106,-64,1.142804
-104,-64,1.179477
-102,-64,1.171426
-100,-64,1.158644
-98,-64,1.140056
-96,-64,1.164735
-94,-64,1.142185
-92,-64,1.158319
-90,-64,1.156338
-88,-64,1.169704
-86,-64,1.158818
-84,-64,1.17788
-82,-64,1.141402
-80,-64,1.152788
-78,-64,1.171155
-76,-64,1.151509
-74,-64,1.148475
-72,-64,1.15649
-70,-64,1.175009
-68,-64,1.162618
-66,-64,1.161092
-64,-64,1.139177
-62,-64,1.146823
-60,-64,1.148596
-58,-64,1.143863
-56,-64,1.119272
-54,-64,1.12539
-52,-64,1.137726
-50,-64,1.132225
-48,-64,1.138092
-46,-64,1.122312
-44,-64,1.154235
-42,-64,1.13638
-40,-64,1.961823
-38,-64,1.96081
-36,-64,1.962328
-34,-64,1.969016
-32,-64,1.962114
-30,-64,1.963244
-28,-64,1.960006
-26,-64,1.957584
-24,-64,1.950223
-22,-64,1.965887
-20,-64,1.975857
-18,-64,1.963493
-16,-64,1.955028
-14,-64,1.952636
-12,-64,1.968811
-10,-64,1.953848
-8,-64,1.957517
-6,-64,1.950919
-4,-64,1.957035
-2,-64,1.949011
0,-64,1.948538
2,-64,1.948064
4,-64,1.9451
6,-64,1.966713
8,-64,1.960658
10,-64,1.953257
12,-64,1.968363
14,-64,1.974691
16,-64,1.961915
18,-64,1.95849
20,-64,1.967269
22,-64,1.959554
24,-64,1.95789
26,-64,1.965868
28,-64,1.963833
30,-64,1.96642
32,-64,1.959354
34,-64,1.972657
36,-64,1.970417
38,-64,1.976753
40,-64,1.960456
42,-64,1.15308
44,-64,1.161599
46,-64,1.150537
48,-64,1.153656
50,-64,1.148212
52,-64,1.153239
54,-64,1.157636
56,-64,1.169458
58,-64,1.145021
60,-64,1.127111
62,-64,1.142358
64,-64,1.137843
66,-64,1.14934
68,-64,1.140506
70,-64,1.137384
72,-64,1.159679
74,-64,1.155821
76,-64,1.161299
78,-64,1.139196
80,-64,1.163402
82,-64,1.185933
84,-64,1.215431
86,-64,1.248921
88,-64,1.230933
90,-64,1.262955
92,-64,1.253976
94,-64,1.166402
96,-64,1.167496
98,-64,1.167422
100,-64,1.133273
102,-64,1.156452
104,-64,1.153168
106,-64,1.138712
108,-64,1.150781
110,-64,1.144197
112,-64,1.164852
114,-64,1.146624
116,-64,1.152935
118,-64,1.158569
120,-64,1.156597
122,-64,1.178758
124,-64,1.148773
126,-64,1.237057
124,-66,1.223773
122,-66,1.20947
120,-66,1.174065
118,-66,1.167327
116,-66,1.18146
114,-66,1.170885
112,-66,1.188754
110,-66,1.164057
108,-66,1.172576
106,-66,1.180372
104,-66,1.140742
102,-66,1.176324
100,-66,1.155632
98,-66,1.131696
96,-66,1.140523
94,-66,1.15173
92,-66,1.136177
90,-66,1.194992
88,-66,1.232264
86,-66,1.239156
84,-66,1.172392
82,-66,1.139515
80,-66,1.159749
78,-66,1.134896
76,-66,1.147281
74,-66,1.152563
72,-66,1.158418
70,-66,1.151039
68,-66,1.124464
66,-66,1.159223
64,-66,1.151394
62,-66,1.158325
60,-66,1.125745
58,-66,1.130021
56,-66,1.149309
54,-66,1.141677
52,-66,1.12701
50,-66,1.142277
48,-66,1.142691
46,-66,1.177591
44,-66,1.134224
42,-66,1.158172
40,-66,1.960614
38,-66,1.962661
36,-66,1.961156
34,-66,1.974699
32,-66,1.959394
30,-66,1.960138
28,-66,1.965989
26,-66,1.964478
24,-66,1.955511
22,-66,1.965804
20,-66,1.964811
18,-66,1.961571
16,-66,1.971368
14,-66,1.974848
12,-66,1.968782
10,-66,1.955458
8,-66,1.962152
6,-66,1.962284
4,-66,1.965145
2,-66,1.964471
0,-66,1.963923
-2,-66,1.963621
-4,-66,1.965334
-6,-66,1.956446
-8,-66,1.961407
-10,-66,1.963855
-12,-66,1.969312
-14,-66,1.964812
-16,-66,1.96236
-18,-66,1.967425
-20,-66,1.970825
-22,-66,1.966394
-24,-66,1.956463
-26,-66,1.956507
-28,-66,1.965092
-30,-66,1.96558
-32,-66,1.963627
-34,-66,1.965653
-36,-66,1.97039
-38,-66,1.96169
-40,-66,1.97006
-42,-66,1.136416
-44,-66,1.149715
-46,-66,1.143239
-48,-66,1.156254
-50,-66,1.144853
-52,-66,1.145823
-54,-66,1.123086
-56,-66,1.116626
-58,-66,1.136438
-60,-66,1.159022
-62,-66,1.150003
-64,-66,1.13869
-66,-66,1.151834
-68,-66,1.165243
-70,-66,1.183031
-72,-66,1.160279
-74,-66,1.149037
-76,-66,1.128984
-78,-66,1.184057
-80,-66,1.144846
-82,-66,1.153487
-84,-66,1.149576
-86,-66,1.160144
-88,-66,1.164841
-90,-66,1.203067
-92,-66,1.153788
-94,-66,1.142629
-96,-66,1.144629
-98,-66,1.159973
-100,-66,1.134435
-102,-66,1.184699
-104,-66,1.207467
-106,-66,1.173718
-108,-66,1.152114
-110,-66,1.143949
-112,-66,1.154958
-114,-66,1.1465
-116,-66,1.131692
-118,-66,1.146565
-120,-66,1.153591
-122,-66,1.152136
-124,-66,1.130266
-124,-68,1.134418
-122,-68,1.16405
-120,-68,1.147036
-118,-68,1.165849
-116,-68,1.143813
-114,-68,1.144923
-112,-68,1.138572
-110,-68,1.158305
-108,-68,1.174475
-106,-68,1.159717
-104,-68,1.182601
-102,-68,1.151967
-100,-68,1.195947
-98,-68,1.181248
-96,-68,1.132665
-94,-68,1.15015
-92,-68,1.160177
-90,-68,1.162016
-88,-68,1.165214
-86,-68,1.159132
-84,-68,1.164658
-82,-68,1.158496
-80,-68,1.176169
-78,-68,1.156884
-76,-68,1.149912
-74,-68,1.150819
-72,-68,1.159053
-70,-68,1.186965
-68,-68,1.173407
-66,-68,1.158539
-64,-68,1.146816
-62,-68,1.182782
-60,-68,1.15401
-58,-68,1.141225
-56,-68,1.132255
-54,-68,1.13562
-52,-68,1.139012
-50,-68,1.169405
-48,-68,1.145811
-46,-68,1.152111
-44,-68,1.149662
-42,-68,1.133943
-40,-68,1.960363
-38,-68,1.976481
-36,-68,1.967197
-34,-68,1.960669
-32,-68,1.948122
-30,-68,1.966768
-28,-68,1.95929
-26,-68,1.955609
-24,-68,1.960439
-22,-68,1.969258
-20,-68,1.967531
-18,-68,1.970035
-16,-68,1.968265
-14,-68,1.966149
-12,-68,1.979575
-10,-68,1.961877
-8,-68,1.965749
-6,-68,1.963937
-4,-68,1.96561
-2,-68,1.959814
0,-68,1.957929
2,-68,1.962878
4,-68,1.966538
6,-68,1.962684
8,-68,1.96825
10,-68,1.953098
12,-68,1.965261
14,-68,1.977455
16,-68,1.977638
18,-68,1.961729
20,-68,1.963664
22,-68,1.959447
24,-68,1.963639
26,-68,1.962254
28,-68,1.962834
30,-68,1.959649
32,-68,1.950655
34,-68,1.987007
36,-68,1.964858
38,-68,1.962115
40,-68,1.974272
42,-68,1.15511
44,-68,1.1519
46,-68,1.153508
48,-68,1.150466
50,-68,1.178284
52,-68,1.133405
54,-68,1.165325
56,-68,1.17653
58,-68,1.146963
60,-68,1.149164
62,-68,1.143126
64,-68,1.154182
66,-68,1.148507
68,-68,1.146027
70,-68,1.154341
72,-68,1.169102
74,-68,1.173323
76,-68,1.171234
78,-68,1.17492
80,-68,1.142047
82,-68,1.229337
84,-68,1.20536
86,-68,1.194597
88,-68,1.235682
90,-68,1.260277
92,-68,1.149205
94,-68,1.148654
96,-68,1.15505
98,-68,1.141957
100,-68,1.138232
102,-68,1.160485
104,-68,1.16083
106,-68,1.164553
108,-68,1.169382
110,-68,1.152049
112,-68,1.156996
114,-68,1.174324
116,-68,1.171359
118,-68,1.172174
120,-68,1.184376
122,-68,1.18565
124,-68,1.252167
122,-70,1.193588
120,-70,1.167383
118,-70,1.167591
116,-70,1.158415
114,-70,1.159563
112,-70,1.165953
110,-70,1.170203
108,-70,1.16068
106,-70,1.15202
104,-70,1.14287
102,-70,1.159462
100,-70,1.15239
98,-70,1.181076
96,-70,1.164664
94,-70,1.144256
92,-70,1.175648
90,-70,1.148528
88,-70,1.089352
86,-70,1.255437
84,-70,1.237282
82,-70,1.240211
80,-70,1.16737
78,-70,1.166898
76,-70,1.157396
74,-70,1.150629
72,-70,1.143526
70,-70,1.145773
68,-70,1.140405
66,-70,1.151903
64,-70,1.153943
62,-70,1.147865
60,-70,1.169114
58,-70,1.158071
56,-70,1.130897
54,-70,1.146111
52,-70,1.143109
50,-70,1.149657
48,-70,1.15681
46,-70,1.148596
44,-70,1.160383
42,-70,1.16495
40,-70,1.955663
38,-70,1.966078
36,-70,1.963424
34,-70,1.954304
32,-70,1.964454
30,-70,1.946979
28,-70,1.981194
26,-70,1.968337
24,-70,1.975404
22,-70,1.978365
20,-70,1.970973
18,-70,1.979785
16,-70,1.982849
14,-70,1.981439
12,-70,1.980648
10,-70,1.964378
8,-70,1.978842
6,-70,1.977658
4,-70,1.969133
2,-70,1.969289
0,-70,1.971008
-2,-70,1.966916
-4,-70,1.971969
-6,-70,1.975299
-8,-70,1.975223
-10,-70,1.975722
-12,-70,1.988296
-14,-70,1.981
-16,-70,1.979151
-18,-70,1.981182
-20,-70,1.98074
-22,-70,1.96924
-24,-70,1.969844
-26,-70,1.965315
-28,-70,1.958804
-30,-70,1.966241
-32,-70,1.965836
-34,-70,1.966991
-36,-70,1.963635
-38,-70,1.951722
-40,-70,1.956342
-42,-70,1.134198
-44,-70,1.16627
-46,-70,1.13642
-48,-70,1.13522
-50,-70,1.117681
-52,-70,1.130635
-54,-70,1.126009
-56,-70,1.139334
-58,-70,1.148228
-60,-70,1.15627
-62,-70,1.137926
-64,-70,1.146048
-66,-70,1.168651
-68,-70,1.162316
-70,-70,1.16754
-72,-70,1.162517
-74,-70,1.156885
-76,-70,1.145073
-78,-70,1.16989
-80,-70,1.168699
-82,-70,1.143254
-84,-70,1.150343
-86,-70,1.158462
-88,-70,1.157519
-90,-70,1.196992
-92,-70,1.15633
-94,-70,1.128805
-96,-70,1.121733
-98,-70,1.143623
-100,-70,1.149599
-102,-70,1.179886
-104,-70,1.142487
-106,-70,1.139339
-108,-70,1.163116
-110,-70,1.179027
-112,-70,1.145242
-114,-70,1.134679
-116,-70,1.137608
-118,-70,1.14091
-120,-70,1.151776
-122,-70,1.133364
-122,-72,1.124862
-120,-72,1.157036
-118,-72,1.146881
-116,-72,1.169403
-114,-72,1.151807
-112,-72,1.150358
-110,-72,1.144643
-108,-72,1.142628
-106,-72,1.157762
-104,-72,1.134561
-102,-72,1.147379
-100,-72,1.122244
-98,-72,1.156435
-96,-72,1.153621
-94,-72,1.163021
-92,-72,1.142181
-90,-72,1.148206
-88,-72,1.157847
-86,-72,1.150917
-84,-72,1.16806
-82,-72,1.139735
-80,-72,1.158726
-78,-72,1.124054
-76,-72,1.144823
-74,-72,1.140073
-72,-72,1.152198
-70,-72,1.174635
-68,-72,1.163762
-66,-72,1.156863
-64,-72,1.175444
-62,-72,1.136051
-60,-72,1.139556
-58,-72,1.137348
-56,-72,1.154747
-54,-72,1.14961
-52,-72,1.129928
-50,-72,1.141592
-48,-72,1.11311
-46,-72,1.139333
-44,-72,1.151127
-42,-72,1.141878
-40,-72,1.979242
-38,-72,1.95535
-36,-72,1.959084
-34,-72,1.961328
-32,-72,1.967809
-30,-72,1.964393
-28,-72,1.961524
-26,-72,1.968265
-24,-72,1.994456
-22,-72,1.975087
-20,-72,1.971128
-18,-72,1.987652
-16,-72,1.987266
-14,-72,1.984089
-12,-72,1.986994
-10,-72,1.983119
-8,-72,1.984234
-6,-72,1.963742
-4,-72,1.96632
-2,-72,1.970201
0,-72,1.968269
2,-72,1.96918
4,-72,1.972174
6,-72,1.978113
8,-72,1.980044
10,-72,1.970341
12,-72,1.977107
14,-72,1.987563
16,-72,1.989252
18,-72,1.981361
20,-72,1.976599
22,-72,1.984067
24,-72,1.975533
26,-72,1.981219
28,-72,1.981122
30,-72,1.966971
32,-72,1.983859
34,-72,1.96366
36,-72,1.963198
38,-72,1.973653
40,-72,1.962815
42,-72,1.192096
44,-72,1.144513
46,-72,1.156053
48,-72,1.149745
50,-72,1.144752
52,-72,1.151565
54,-72,1.135369
56,-72,1.15363
58,-72,1.14287
60,-72,1.147505
62,-72,1.1558
64,-72,1.167766
66,-72,1.158219
68,-72,1.147538
70,-72,1.135826
72,-72,1.14672
74,-72,1.158133
76,-72,1.158384
78,-72,1.150924
80,-72,1.245785
82,-72,1.1887
84,-72,1.177294
86,-72,1.21255
88,-72,1.28541
90,-72,1.149153
92,-72,1.192358
94,-72,1.17991
96,-72,1.154922
98,-72,1.144788
100,-72,1.138262
102,-72,1.160788
104,-72,1.142136
106,-72,1.150476
108,-72,1.146293
110,-72,1.155681
112,-72,1.165922
114,-72,1.152746
116,-72,1.158177
118,-72,1.167163
120,-72,1.173332
122,-72,1.275442
120,-74,1.149057
118,-74,1.178199
116,-74,1.159391
114,-74,1.156816
112,-74,1.15336
110,-74,1.149135
108,-74,1.164197
106,-74,1.161263
104,-74,1.150968
102,-74,1.150386
100,-74,1.168011
98,-74,1.162177
96,-74,1.151303
94,-74,1.154563
92,-74,1.141657
90,-74,1.156184
88,-74,1.132428
86,-74,1.014506
84,-74,1.231628
82,-74,1.208564
80,-74,1.179954
78,-74,1.258651
76,-74,1.190719
74,-74,1.175502
72,-74,1.169611
70,-74,1.164078
68,-74,1.161321
66,-74,1.161175
64,-74,1.165426
62,-74,1.158948
60,-74,1.15244
58,-74,1.154158
56,-74,1.150927
54,-74,1.141239
52,-74,1.165252
50,-74,1.175596
48,-74,1.151953
46,-74,1.15429
44,-74,1.147441
42,-74,1.184712
40,-74,1.976249
38,-74,1.971251
36,-74,1.963942
34,-74,1.967676
32,-74,1.962659
30,-74,1.979491
28,-74,1.972576
26,-74,1.979885
24,-74,1.972143
22,-74,1.983032
20,-74,1.97912
18,-74,1.98861
16,-74,1.983056
14,-74,1.982947
12,-74,1.979828
10,-74,1.977852
8,-74,1.979723
6,-74,1.979558
4,-74,1.969367
2,-74,1.965406
0,-74,1.968273
-2,-74,1.97282
-4,-74,1.974532
-6,-74,1.959784
-8,-74,1.987016
-10,-74,1.985415
-12,-74,1.996881
-14,-74,1.969897
-16,-74,1.980285
-18,-74,1.977185
-20,-74,1.987587
-22,-74,1.97226
-24,-74,1.976532
-26,-74,1.977642
-28,-74,1.978197
-30,-74,1.969046
-32,-74,1.966858
-34,-74,1.977719
-36,-74,1.973273
-38,-74,1.950904
-40,-74,1.95823
-42,-74,1.157358
-44,-74,1.157919
-46,-74,1.148731
-48,-74,1.137815
-50,-74,1.126786
-52,-74,1.150939
-54,-74,1.144927
-56,-74,1.151711
-58,-74,1.147598
-60,-74,1.161527
-62,-74,1.145903
-64,-74,1.155911
-66,-74,1.162391
-68,-74,1.168293
-70,-74,1.172205
-72,-74,1.174575
-74,-74,1.134254
-76,-74,1.136147
-78,-74,1.129415
-80,-74,1.145391
-82,-74,1.152017
-84,-74,1.164819
-86,-74,1.142836
-88,-74,1.155103
-90,-74,1.162328
-92,-74,1.15099
-94,-74,1.161258
-96,-74,1.144702
-98,-74,1.140366
-100,-74,1.17028
-102,-74,1.172955
-104,-74,1.161684
-106,-74,1.151436
-108,-74,1.158387
-110,-74,1.143869
-112,-74,1.144996
-114,-74,1.137724
-116,-74,1.156319
-118,-74,1.135468
-120,-74,1.160422
-118,-76,1.124293
-116,-76,1.15911
-114,-76,1.145577
-112,-76,1.159667
-110,-76,1.144992
-108,-76,1.153143
-106,-76,1.158317
-104,-76,1.155539
-102,-76,1.157772
-100,-76,1.16202
-98,-76,1.140937
-96,-76,1.137461
-94,-76,1.144669
-92,-76,1.150335
-90,-76,1.161146
-88,-76,1.146703
-86,-76,1.166218
-84,-76,1.158312
-82,-76,1.135014
-80,-76,1.14442
-78,-76,1.141676
-76,-76,1.135999
-74,-76,1.143064
-72,-76,1.163211
-70,-76,1.161187
-68,-76,1.157511
-66,-76,1.159462
-64,-76,1.152965
-62,-76,1.151322
-60,-76,1.153693
-58,-76,1.156142
-56,-76,1.149651
-54,-76,1.143203
-52,-76,1.153039
-50,-76,1.144826
-48,-76,1.137164
-46,-76,1.142954
-44,-76,1.168021
-42,-76,1.155106
-40,-76,1.966075
-38,-76,1.95664
-36,-76,1.96648
-34,-76,1.951831
-32,-76,1.983778
-30,-76,1.970476
-28,-76,2.003586
-26,-76,1.983941
-24,-76,1.983705
-22,-76,1.975343
-20,-76,1.989416
-18,-76,1.976823
-16,-76,1.997758
-14,-76,1.982014
-12,-76,1.986074
-10,-76,1.982736
-8,-76,1.985347
-6,-76,1.979479
-4,-76,1.973083
-2,-76,1.96786
0,-76,1.977506
2,-76,1.980549
4,-76,1.978988
6,-76,1.979417
8,-76,1.975541
10,-76,1.977438
12,-76,1.974632
14,-76,1.994216
16,-76,1.982459
18,-76,1.992442
20,-76,1.990852
22,-76,1.987664
24,-76,1.980848
26,-76,1.981677
28,-76,1.973966
30,-76,1.980169
32,-76,1.974869
34,-76,1.980276
36,-76,1.97425
38,-76,1.985327
40,-76,1.972612
42,-76,1.161534
44,-76,1.157257
46,-76,1.164127
48,-76,1.145718
50,-76,1.172409
52,-76,1.144089
54,-76,1.180435
56,-76,1.196711
58,-76,1.164015
60,-76,1.154669
62,-76,1.152858
64,-76,1.157791
66,-76,1.181635
68,-76,1.173469
70,-76,1.161047
72,-76,1.17215
74,-76,1.169806
76,-76,1.157697
78,-76,1.250901
80,-76,1.169762
82,-76,1.165297
84,-76,1.190071
86,-76,1.263925
88,-76,1.155058
90,-76,1.162936
92,-76,1.173607
94,-76,1.184568
96,-76,1.138592
98,-76,1.145391
100,-76,1.157769
102,-76,1.139168
104,-76,1.160172
106,-76,1.160997
108,-76,1.161965
110,-76,1.164891
112,-76,1.168491
114,-76,1.161648
116,-76,1.181496
118,-76,1.168857
118,-78,1.179278
116,-78,1.19775
114,-78,1.170324
112,-78,1.166659
110,-78,1.164869
108,-78,1.158748
106,-78,1.153439
104,-78,1.144753
102,-78,1.14922
100,-78,1.136832
98,-78,1.172927
96,-78,1.158251
94,-78,1.151368
92,-78,1.188495
90,-78,1.157049
88,-78,1.161527
86,-78,1.111565
84,-78,1.249626
82,-78,1.202874
80,-78,1.17811
78,-78,1.201739
76,-78,1.147226
74,-78,1.17006
72,-78,1.162124
70,-78,1.15961
68,-78,1.176587
66,-78,1.153903
64,-78,1.150005
62,-78,1.150953
60,-78,1.148104
58,-78,1.157696
56,-78,1.159931
54,-78,1.149219
52,-78,1.169184
50,-78,1.152097
48,-78,1.150164
46,-78,1.157333
44,-78,1.158045
42,-78,1.18358
40,-78,1.978285
38,-78,1.980178
36,-78,1.969837
34,-78,1.96997
32,-78,1.976569
30,-78,1.98414
28,-78,1.988129
26,-78,1.991275
24,-78,1.981172
22,-78,1.9911
20,-78,1.996827
18,-78,1.985562
16,-78,2.007445
14,-78,1.996765
12,-78,1.995701
10,-78,1.988479
8,-78,1.976815
6,-78,1.998229
4,-78,1.972071
2,-78,1.968437
0,-78,1.979866
-2,-78,1.979971
-4,-78,1.975083
-6,-78,1.981312
-8,-78,1.977427
-10,-78,1.973323
-12,-78,2.00256
-14,-78,1.987995
-16,-78,2.000527
-18,-78,1.982393
-20,-78,1.988769
-22,-78,1.983887
-24,-78,1.984043
-26,-78,1.982999
-28,-78,1.975508
-30,-78,1.959342
-32,-78,1.968439
-34,-78,1.980201
-36,-78,1.967798
-38,-78,1.962577
-40,-78,1.959471
-42,-78,1.160642
-44,-78,1.126785
-46,-78,1.161666
-48,-78,1.145459
-50,-78,1.156223
-52,-78,1.128721
-54,-78,1.152048
-56,-78,1.159425
-58,-78,1.130761
-60,-78,1.153626
-62,-78,1.143268
-64,-78,1.140952
-66,-78,1.168615
-68,-78,1.174036
-70,-78,1.146792
-72,-78,1.166467
-74,-78,1.155577
-76,-78,1.164566
-78,-78,1.150641
-80,-78,1.157965
-82,-78,1.143043
-84,-78,1.166578
-86,-78,1.153213
-88,-78,1.147094
-90,-78,1.148066
-92,-78,1.151418
-94,-78,1.145353
-96,-78,1.166397
-98,-78,1.132883
-100,-78,1.141062
-102,-78,1.148153
-104,-78,1.152135
-106,-78,1.151788
-108,-78,1.138287
-110,-78,1.1479
-112,-78,1.136145
-114,-78,1.141522
-116,-78,1.139133
-118,-78,1.130728
-116,-80,1.156861
-114,-80,1.126916
-112,-80,1.136172
-110,-80,1.133303
-108,-80,1.13984
-106,-80,1.14794
-104,-80,1.139906
-102,-80,1.158874
-100,-80,1.154616
-98,-80,1.15028
-96,-80,1.143005
-94,-80,1.134984
-92,-80,1.154
-90,-80,1.12675
-88,-80,1.164036
-86,-80,1.158987
-84,-80,1.155945
-82,-80,1.143014
-80,-80,1.142765
-78,-80,1.147405
-76,-80,1.161749
-74,-80,1.15919
-72,-80,1.163571
-70,-80,1.146445
-68,-80,1.183403
-66,-80,1.140127
-64,-80,1.13553
-62,-80,1.134727
-60,-80,1.14535
-58,-80,1.142703
-56,-80,1.156362
-54,-80,1.149668
-52,-80,1.137904
-50,-80,1.128482
-48,-80,1.159421
-46,-80,1.155357
-44,-80,1.149931
-42,-80,1.157301
-40,-80,1.96811
-38,-80,1.968939
-36,-80,1.969772
-34,-80,1.973506
-32,-80,1.9814
-30,-80,1.973602
-28,-80,1.981641
-26,-80,1.97698
-24,-80,1.981471
-22,-80,1.978091
-20,-80,2.007833
-18,-80,1.998642
-16,-80,2.003962
-14,-80,1.996126
-12,-80,1.989958
-10,-80,1.999021
-8,-80,1.992724
-6,-80,1.985667
-4,-80,1.978568
-2,-80,1.985251
0,-80,1.98069
2,-80,1.988121
4,-80,1.976983
6,-80,1.991998
8,-80,2.001307
10,-80,2.004831
12,-80,1.987318
14,-80,1.994985
16,-80,2.000807
18,-80,2.004908
20,-80,1.993706
22,-80,1.983373
24,-80,1.987579
26,-80,1.988128
28,-80,1.969838
30,-80,1.972649
32,-80,1.974012
34,-80,1.965513
36,-80,1.96697
38,-80,1.978052
40,-80,1.977609
42,-80,1.191564
44,-80,1.162405
46,-80,1.165457
48,-80,1.160037
50,-80,1.185804
52,-80,1.16214
54,-80,1.159586
56,-80,1.161165
58,-80,1.164201
60,-80,1.177764
62,-80,1.164884
64,-80,1.147257
66,-80,1.173159
68,-80,1.152157
70,-80,1.155573
72,-80,1.177349
74,-80,1.139519
76,-80,1.125807
78,-80,1.169015
80,-80,1.16164
82,-80,1.190233
84,-80,1.267309
86,-80,1.140425
88,-80,1.157269
90,-80,1.159732
92,-80,1.192217
94,-80,1.169485
96,-80,1.197249
98,-80,1.179333
100,-80,1.170551
102,-80,1.178476
104,-80,1.162503
106,-80,1.165892
108,-80,1.155872
110,-80,1.16754
112,-80,1.17363
114,-80,1.157994
116,-80,1.200522
114,-82,1.172672
112,-82,1.159384
110,-82,1.154849
108,-82,1.155167
106,-82,1.158713
104,-82,1.171065
102,-82,1.159958
100,-82,1.189662
98,-82,1.179809
96,-82,1.157591
94,-82,1.148326
92,-82,1.15774
90,-82,1.15299
88,-82,1.156249
86,-82,1.164408
84,-82,1.170309
82,-82,1.219918
80,-82,1.17881
78,-82,1.162193
76,-82,1.178423
74,-82,1.19096
72,-82,1.192634
70,-82,1.16908
68,-82,1.16273
66,-82,1.14748
64,-82,1.16586
62,-82,1.178528
60,-82,1.171668
58,-82,1.173541
56,-82,1.143935
54,-82,1.153201
52,-82,1.152823
50,-82,1.179983
48,-82,1.155052
46,-82,1.176972
44,-82,1.184487
42,-82,1.168197
40,-82,1.974372
38,-82,1.970742
36,-82,1.968932
34,-82,1.962987
32,-82,1.972744
30,-82,1.970153
28,-82,1.971146
26,-82,1.981725
24,-82,1.98633
22,-82,1.983553
20,-82,2.005233
18,-82,1.989482
16,-82,2.00842
14,-82,1.991372
12,-82,1.991328
10,-82,1.986249
8,-82,2.005321
6,-82,1.982477
4,-82,1.979214
2,-82,1.968539
0,-82,1.976803
-2,-82,1.974
-4,-82,1.971482
-6,-82,1.992506
-8,-82,1.990036
-10,-82,2.003368
-12,-82,1.988598
-14,-82,1.980256
-16,-82,1.999855
-18,-82,1.980517
-20,-82,1.995504
-22,-82,1.99347
-24,-82,1.980835
-26,-82,1.979447
-28,-82,1.981101
-30,-82,1.975706
-32,-82,1.97577
-34,-82,1.981215
-36,-82,1.974958
-38,-82,1.967025
-40,-82,1.964556
-42,-82,1.161504
-44,-82,1.136027
-46,-82,1.148716
-48,-82,1.154643
-50,-82,1.176933
-52,-82,1.156321
-54,-82,1.153748
-56,-82,1.151604
-58,-82,1.166678
-60,-82,1.158193
-62,-82,1.142811
-64,-82,1.150626
-66,-82,1.183206
-68,-82,1.159621
-70,-82,1.159129
-72,-82,1.146535
-74,-82,1.173578
-76,-82,1.166532
-78,-82,1.142673
-80,-82,1.165303
-82,-82,1.172467
-84,-82,1.1303
-86,-82,1.156972
-88,-82,1.151983
-90,-82,1.163744
-92,-82,1.161469
-94,-82,1.156148
-96,-82,1.15461
-98,-82,1.157069
-100,-82,1.155476
-102,-82,1.177848
-104,-82,1.149741
-106,-82,1.16406
-108,-82,1.172456
-110,-82,1.170518
-112,-82,1.168513
-114,-82,1.143756
-114,-84,1.138053
-112,-84,1.148374
-110,-84,1.142982
-108,-84,1.132116
-106,-84,1.151773
-104,-84,1.142935
-102,-84,1.151922
-100,-84,1.158961
-98,-84,1.142337
-96,-84,1.158956
-94,-84,1.147863
-92,-84,1.156625
-90,-84,1.154278
-88,-84,1.163965
-86,-84,1.163932
-84,-84,1.167327
-82,-84,1.163423
-80,-84,1.150589
-78,-84,1.149892
-76,-84,1.161528
-74,-84,1.165881
-72,-84,1.157308
-70,-84,1.150425
-68,-84,1.1622
-66,-84,1.171097
-64,-84,1.159315
-62,-84,1.159723
-60,-84,1.164132
-58,-84,1.153258
-56,-84,1.161741
-54,-84,1.143791
-52,-84,1.156649
-50,-84,1.136454
-48,-84,1.155857
-46,-84,1.159146
-44,-84,1.161602
-42,-84,1.160497
-40,-84,1.971504
-38,-84,1.965627
-36,-84,1.978547
-34,-84,1.974245
-32,-84,1.969932
-30,-84,1.976483
-28,-84,1.98201
-26,-84,1.981757
-24,-84,1.980964
-22,-84,1.988855
-20,-84,1.986151
-18,-84,1.990931
-16,-84,1.992105
-14,-84,2.002608
-12,-84,2.003016
-10,-84,1.976584
-8,-84,1.979128
-6,-84,1.981886
-4,-84,1.969749
-2,-84,1.98155
0,-84,1.961803
2,-84,1.983975
4,-84,1.964127
6,-84,1.978143
8,-84,1.984269
10,-84,1.975941
12,-84,2.012637
14,-84,1.994794
16,-84,1.98613
18,-84,1.987001
20,-84,1.984034
22,-84,1.985913
24,-84,1.982039
26,-84,1.979619
28,-84,1.977038
30,-84,1.97054
32,-84,1.978372
34,-84,1.969907
36,-84,1.964677
38,-84,1.968452
40,-84,1.962995
42,-84,1.16353
44,-84,1.184595
46,-84,1.170865
48,-84,1.169093
50,-84,1.172205
52,-84,1.165463
54,-84,1.146456
56,-84,1.165211
58,-84,1.157251
60,-84,1.161235
62,-84,1.183394
64,-84,1.170658
66,-84,1.159217
68,-84,1.147606
70,-84,1.163172
72,-84,1.142428
74,-84,1.197788
76,-84,1.171259
78,-84,1.156608
80,-84,1.203082
82,-84,1.169149
84,-84,1.12952
86,-84,1.14846
88,-84,1.148795
90,-84,1.166252
92,-84,1.182135
94,-84,1.163927
96,-84,1.159829
98,-84,1.163105
100,-84,1.1437
102,-84,1.174838
104,-84,1.152718
106,-84,1.157284
108,-84,1.160355
110,-84,1.156489
112,-84,1.154232
114,-84,1.171094
112,-86,1.171353
110,-86,1.173051
108,-86,1.173577
106,-86,1.156554
104,-86,1.165894
102,-86,1.16933
100,-86,1.159354
98,-86,1.179136
96,-86,1.153241
94,-86,1.139612
92,-86,1.142518
90,-86,1.133847
88,-86,1.150757
86,-86,1.146509
84,-86,1.148057
82,-86,1.159687
80,-86,1.267454
78,-86,1.174172
76,-86,1.155341
74,-86,1.165613
72,-86,1.193857
70,-86,1.171281
68,-86,1.160637
66,-86,1.165424
64,-86,1.167811
62,-86,1.165059
60,-86,1.150981
58,-86,1.157476
56,-86,1.163169
54,-86,1.158314
52,-86,1.157138
50,-86,1.142298
48,-86,1.148303
46,-86,1.163435
44,-86,1.156965
42,-86,1.19601
40,-86,1.959697
38,-86,1.964024
36,-86,1.966426
34,-86,1.975104
32,-86,1.979491
30,-86,1.966427
28,-86,1.979756
26,-86,1.982082
24,-86,1.978968
22,-86,1.981614
20,-86,1.983172
18,-86,1.988196
16,-86,1.982557
14,-86,1.993087
12,-86,2.000955
10,-86,1.982588
8,-86,1.9861
6,-86,1.987793
4,-86,1.982012
2,-86,1.976532
0,-86,1.968221
-2,-86,1.983665
-4,-86,1.975271
-6,-86,1.980494
-8,-86,1.974792
-10,-86,1.980274
-12,-86,1.99355
-14,-86,2.004193
-16,-86,1.995279
-18,-86,1.992048
-20,-86,1.984972
-22,-86,1.985069
-24,-86,1.984193
-26,-86,1.977694
-28,-86,1.980655
-30,-86,1.97224
-32,-86,1.978952
-34,-86,1.967901
-36,-86,1.976271
-38,-86,1.970765
-40,-86,1.97383
-42,-86,1.15787
-44,-86,1.152217
-46,-86,1.154207
-48,-86,1.167494
-50,-86,1.147707
-52,-86,1.162595
-54,-86,1.147712
-56,-86,1.150853
-58,-86,1.171153
-60,-86,1.157174
-62,-86,1.149334
-64,-86,1.143548
-66,-86,1.1364
-68,-86,1.146647
-70,-86,1.151474
-72,-86,1.152326
-74,-86,1.164286
-76,-86,1.153318
-78,-86,1.170287
-80,-86,1.151212
-82,-86,1.157222
-84,-86,1.163239
-86,-86,1.143341
-88,-86,1.165062
-90,-86,1.161377
-92,-86,1.16404
-94,-86,1.152093
-96,-86,1.169656
-98,-86,1.143056
-100,-86,1.145598
-102,-86,1.13656
-104,-86,1.143351
-106,-86,1.172305
-108,-86,1.124635
-110,-86,1.114253
-112,-86,1.1187
-110,-88,1.166515
-108,-88,1.134852
-106,-88,1.173902
-104,-88,1.143961
-102,-88,1.167604
-100,-88,1.143838
-98,-88,1.145249
-96,-88,1.144469
-94,-88,1.133577
-92,-88,1.152288
-90,-88,1.149859
-88,-88,1.147722
-86,-88,1.145283
-84,-88,1.166099
-82,-88,1.130921
-80,-88,1.140889
-78,-88,1.159758
-76,-88,1.188195
-74,-88,1.103759
-72,-88,1.149089
-70,-88,1.152758
-68,-88,1.149101
-66,-88,1.160099
-64,-88,1.158974
-62,-88,1.155822
-60,-88,1.169294
-58,-88,1.151678
-56,-88,1.153343
-54,-88,1.147838
-52,-88,1.149318
-50,-88,1.157933
-48,-88,1.162637
-46,-88,1.175504
-44,-88,1.153256
-42,-88,1.161896
-40,-88,1.972185
-38,-88,1.971062
-36,-88,1.983523
-34,-88,1.967141
-32,-88,1.976281
-30,-88,1.969424
-28,-88,1.979976
-26,-88,1.979734
-24,-88,1.98433
-22,-88,1.987221
-20,-88,1.980631
-18,-88,1.992163
-16,-88,1.990707
-14,-88,2.001071
-12,-88,1.986653
-10,-88,1.974317
-8,-88,1.977631
-6,-88,1.976926
-4,-88,1.972972
-2,-88,1.970922
0,-88,1.968211
2,-88,1.968657
4,-88,1.977985
6,-88,1.9832
8,-88,1.987102
10,-88,1.979761
12,-88,1.991888
14,-88,1.991557
16,-88,1.984572
18,-88,1.979595
20,-88,1.98113
22,-88,1.982306
24,-88,1.980329
26,-88,1.9802
28,-88,1.978307
30,-88,1.964773
32,-88,1.971092
34,-88,1.983316
36,-88,1.978362
38,-88,1.970165
40,-88,1.955266
42,-88,1.174849
44,-88,1.143932
46,-88,1.166821
48,-88,1.160019
50,-88,1.159853
52,-88,1.164491
54,-88,1.153533
56,-88,1.166616
58,-88,1.154071
60,-88,1.16155
62,-88,1.157424
64,-88,1.149273
66,-88,1.160851
68,-88,1.161818
70,-88,1.178463
72,-88,1.241346
74,-88,1.179546
76,-88,1.157171
78,-88,1.1614
80,-88,1.116447
82,-88,1.149052
84,-88,1.15048
86,-88,1.155324
88,-88,1.137185
90,-88,1.144465
92,-88,1.140974
94,-88,1.151351
96,-88,1.161982
98,-88,1.147222
100,-88,1.156496
102,-88,1.16885
104,-88,1.16942
106,-88,1.167921
108,-88,1.170985
110,-88,1.177788
108,-90,1.164766
106,-90,1.175227
104,-90,1.170198
102,-90,1.150487
100,-90,1.147358
98,-90,1.165362
96,-90,1.139308
94,-90,1.151734
92,-90,1.143774
90,-90,1.138718
88,-90,1.159339
86,-90,1.154272
84,-90,1.152066
82,-90,1.152869
80,-90,1.143669
78,-90,1.23107
76,-90,1.162005
74,-90,1.165106
72,-90,1.172717
70,-90,1.2649
68,-90,1.133537
66,-90,1.159511
64,-90,1.157581
62,-90,1.159409
60,-90,1.169478
58,-90,1.165084
56,-90,1.155855
54,-90,1.148075
52,-90,1.157406
50,-90,1.161099
48,-90,1.139481
46,-90,1.144669
44,-90,1.165804
42,-90,1.162502
40,-90,1.962604
38,-90,1.970075
36,-90,1.974363
34,-90,1.972287
32,-90,1.971943
30,-90,1.964815
28,-90,1.979867
26,-90,1.981135
24,-90,1.976312
22,-90,1.979062
20,-90,1.979233
18,-90,1.978288
16,-90,1.977459
14,-90,1.98783
12,-90,1.984226
10,-90,1.984263
8,-90,1.983612
6,-90,1.987696
4,-90,1.970655
2,-90,1.971237
0,-90,1.964809
-2,-90,1.96903
-4,-90,1.971743
-6,-90,1.976593
-8,-90,1.978167
-10,-90,1.97343
-12,-90,1.986849
-14,-90,1.997853
-16,-90,1.995585
-18,-90,1.986065
-20,-90,1.983986
-22,-90,1.976576
-24,-90,1.984572
-26,-90,1.975807
-28,-90,1.979546
-30,-90,1.965712
-32,-90,1.972746
-34,-90,1.968945
-36,-90,1.979324
-38,-90,1.973306
-40,-90,1.973098
-42,-90,1.154802
-44,-90,1.16951
-46,-90,1.162159
-48,-90,1.16915
-50,-90,1.166661
-52,-90,1.164636
-54,-90,1.170563
-56,-90,1.155789
-58,-90,1.153762
-60,-90,1.166192
-62,-90,1.157125
-64,-90,1.153111
-66,-90,1.1569
-68,-90,1.149939
-70,-90,1.154507
-72,-90,1.14418
-74,-90,1.151069
-76,-90,1.199926
-78,-90,1.115737
-80,-90,1.181811
-82,-90,1.181089
-84,-90,1.149899
-86,-90,1.151164
-88,-90,1.16288
-90,-90,1.202654
-92,-90,1.154427
-94,-90,1.151061
-96,-90,1.139757
-98,-90,1.147547
-100,-90,1.149327
-102,-90,1.178326
-104,-90,1.151019
-106,-90,1.14867
-108,-90,1.149301
-108,-92,1.125781
-106,-92,1.146115
-104,-92,1.131101
-102,-92,1.132271
-100,-92,1.141623
-98,-92,1.143679
-96,-92,1.166681
-94,-92,1.161852
-92,-92,1.143237
-90,-92,1.144717
-88,-92,1.151307
-86,-92,1.142423
-84,-92,1.133077
-82,-92,1.178106
-80,-92,1.132532
-78,-92,1.249251
-76,-92,1.2702
-74,-92,1.144754
-72,-92,1.164376
-70,-92,1.145043
-68,-92,1.158611
-66,-92,1.141518
-64,-92,1.16939
-62,-92,1.158157
-60,-92,1.151462
-58,-92,1.150964
-56,-92,1.15405
-54,-92,1.167644
-52,-92,1.137165
-50,-92,1.171761
-48,-92,1.165776
-46,-92,1.168152
-44,-92,1.143904
-42,-92,1.155667
-40,-92,1.968925
-38,-92,1.976906
-36,-92,1.972231
-34,-92,1.971969
-32,-92,1.967503
-30,-92,1.972852
-28,-92,1.966991
-26,-92,1.972043
-24,-92,1.97745
-22,-92,1.974231
-20,-92,1.977704
-18,-92,1.988861
-16,-92,1.991543
-14,-92,1.989483
-12,-92,1.98311
-10,-92,1.966948
-8,-92,1.975062
-6,-92,1.977583
-4,-92,1.967306
-2,-92,1.96727
0,-92,1.962688
2,-92,1.969562
4,-92,1.965402
6,-92,1.976631
8,-92,1.984291
10,-92,1.984033
12,-92,1.976152
14,-92,1.980787
16,-92,1.978925
18,-92,1.972682
20,-92,1.980121
22,-92,1.969797
24,-92,1.97443
26,-92,1.965268
28,-92,1.964982
30,-92,1.964205
32,-92,1.969738
34,-92,1.968507
36,-92,1.968201
38,-92,1.967853
40,-92,1.959581
42,-92,1.170131
44,-92,1.156927
46,-92,1.167701
48,-92,1.151053
50,-92,1.140743
52,-92,1.150199
54,-92,1.156869
56,-92,1.14454
58,-92,1.158862
60,-92,1.154819
62,-92,1.148653
64,-92,1.159244
66,-92,1.166645
68,-92,1.27109
70,-92,1.219661
72,-92,1.170028
74,-92,1.175392
76,-92,1.21357
78,-92,1.127974
80,-92,1.199835
82,-92,1.152247
84,-92,1.15673
86,-92,1.166141
88,-92,1.157542
90,-92,1.1505
92,-92,1.157201
94,-92,1.155461
96,-92,1.155271
98,-92,1.16005
100,-92,1.158845
102,-92,1.162265
104,-92,1.195033
106,-92,1.162685
108,-92,1.175306
106,-94,1.185657
104,-94,1.172017
102,-94,1.173475
100,-94,1.13549
98,-94,1.134059
96,-94,1.168579
94,-94,1.14224
92,-94,1.138943
90,-94,1.144693
88,-94,1.138529
86,-94,1.142337
84,-94,1.179041
82,-94,1.166099
80,-94,1.170334
78,-94,1.153997
76,-94,1.123056
74,-94,1.245418
72,-94,1.150113
70,-94,1.172725
68,-94,1.190224
66,-94,1.228726
64,-94,1.175989
62,-94,1.152932
60,-94,1.140025
58,-94,1.175499
56,-94,1.155232
54,-94,1.147293
52,-94,1.181074
50,-94,1.14595
48,-94,1.178456
46,-94,1.164924
44,-94,1.141997
42,-94,1.170912
40,-94,1.958102
38,-94,1.967006
36,-94,1.961824
34,-94,1.971451
32,-94,1.968052
30,-94,1.967656
28,-94,1.964523
26,-94,1.970237
24,-94,1.972956
22,-94,1.972941
20,-94,1.98042
18,-94,1.989436
16,-94,1.981746
14,-94,1.9733
12,-94,1.973157
10,-94,1.983316
8,-94,1.987683
6,-94,1.961348
4,-94,1.96325
2,-94,1.964502
0,-94,1.956578
-2,-94,1.961564
-4,-94,1.961341
-6,-94,1.979409
-8,-94,1.974338
-10,-94,1.965627
-12,-94,1.973977
-14,-94,1.985964
-16,-94,1.968077
-18,-94,1.971544
-20,-94,1.974918
-22,-94,1.972695
-24,-94,1.980041
-26,-94,1.972653
-28,-94,1.971409
-30,-94,1.972372
-32,-94,1.968325
-34,-94,1.973903
-36,-94,1.967802
-38,-94,1.968483
-40,-94,1.974732
-42,-94,1.150991
-44,-94,1.170441
-46,-94,1.182919
-48,-94,1.153683
-50,-94,1.172966
-52,-94,1.149387
-54,-94,1.174727
-56,-94,1.195428
-58,-94,1.141988
-60,-94,1.163814
-62,-94,1.157804
-64,-94,1.163461
-66,-94,1.142116
-68,-94,1.138794
-70,-94,1.126471
-72,-94,1.151966
-74,-94,1.157614
-76,-94,1.143557
-78,-94,1.287017
-80,-94,1.230489
-82,-94,1.24514
-84,-94,1.163992
-86,-94,1.158655
-88,-94,1.171893
-90,-94,1.181687
-92,-94,1.167696
-94,-94,1.138362
-96,-94,1.136332
-98,-94,1.141042
-100,-94,1.142498
-102,-94,1.118219
-104,-94,1.13497
-106,-94,1.130437
-104,-96,1.126089
-102,-96,1.144343
-100,-96,1.143046
-98,-96,1.127535
-96,-96,1.149694
-94,-96,1.146666
-92,-96,1.170853
-90,-96,1.183877
-88,-96,1.141124
-86,-96,1.12227
-84,-96,1.153434
-82,-96,1.221806
-80,-96,1.193615
-78,-96,1.252801
-76,-96,1.259735
-74,-96,1.161276
-72,-96,1.17412
-70,-96,1.161951
-68,-96,1.153405
-66,-96,1.162102
-64,-96,1.165217
-62,-96,1.161399
-60,-96,1.157296
-58,-96,1.180906
-56,-96,1.161401
-54,-96,1.156681
-52,-96,1.16702
-50,-96,1.159562
-48,-96,1.157506
-46,-96,1.157049
-44,-96,1.163098
-42,-96,1.152477
-40,-96,1.975701
-38,-96,1.982881
-36,-96,1.980587
-34,-96,1.974928
-32,-96,1.955853
-30,-96,1.964866
-28,-96,1.961967
-26,-96,1.96431
-24,-96,1.974425
-22,-96,1.967344
-20,-96,1.964501
-18,-96,1.958352
-16,-96,1.957407
-14,-96,1.978646
-12,-96,1.96578
-10,-96,1.960483
-8,-96,1.961542
-6,-96,1.960441
-4,-96,1.953983
-2,-96,1.95211
0,-96,1.95132
2,-96,1.951884
4,-96,1.953753
6,-96,1.965052
8,-96,1.976579
10,-96,1.966892
12,-96,1.962681
14,-96,1.967444
16,-96,1.967218
18,-96,1.975343
20,-96,1.969897
22,-96,1.961094
24,-96,1.960992
26,-96,1.961778
28,-96,1.955503
30,-96,1.958344
32,-96,1.959525
34,-96,1.971773
36,-96,1.976093
38,-96,1.970094
40,-96,1.968499
42,-96,1.151701
44,-96,1.155865
46,-96,1.155986
48,-96,1.156902
50,-96,1.159127
52,-96,1.163678
54,-96,1.183813
56,-96,1.150793
58,-96,1.151214
60,-96,1.165764
62,-96,1.170193
64,-96,1.188599
66,-96,1.297414
68,-96,1.233017
70,-96,1.196226
72,-96,1.201121
74,-96,1.235139
76,-96,1.153245
78,-96,1.160989
80,-96,1.170014
82,-96,1.148478
84,-96,1.154829
86,-96,1.139094
88,-96,1.192503
90,-96,1.139346
92,-96,1.151745
94,-96,1.161171
96,-96,1.161667
98,-96,1.181658
100,-96,1.165691
102,-96,1.156053
104,-96,1.172195
102,-98,1.178549
100,-98,1.15461
98,-98,1.143542
96,-98,1.165388
94,-98,1.159604
92,-98,1.161082
90,-98,1.132953
88,-98,1.137906
86,-98,1.151235
84,-98,1.154961
82,-98,1.142298
80,-98,1.149306
78,-98,1.168452
76,-98,1.168361
74,-98,1.163447
72,-98,1.230215
70,-98,1.156693
68,-98,1.186131
66,-98,1.226734
64,-98,1.188502
62,-98,1.150243
60,-98,1.184073
58,-98,1.154496
56,-98,1.149022
54,-98,1.187469
52,-98,1.160281
50,-98,1.164019
48,-98,1.155612
46,-98,1.143342
44,-98,1.155462
42,-98,1.166033
40,-98,1.969412
38,-98,1.969996
36,-98,1.977037
34,-98,1.977012
32,-98,1.960233
30,-98,1.959688
28,-98,1.961705
26,-98,1.96238
24,-98,1.958694
22,-98,1.959531
20,-98,1.971542
18,-98,1.977331
16,-98,1.965507
14,-98,1.96864
12,-98,1.963785
10,-98,1.968411
8,-98,1.971069
6,-98,1.964636
4,-98,1.953731
2,-98,1.963154
0,-98,1.956253
-2,-98,1.960188
-4,-98,1.961057
-6,-98,1.955525
-8,-98,1.965265
-10,-98,1.962342
-12,-98,1.970045
-14,-98,1.973823
-16,-98,1.962248
-18,-98,1.957606
-20,-98,1.966286
-22,-98,1.963227
-24,-98,1.976258
-26,-98,1.961563
-28,-98,1.964383
-30,-98,1.964447
-32,-98,1.960447
-34,-98,1.978982
-36,-98,1.986299
-38,-98,1.98083
-40,-98,1.974387
-42,-98,1.152969
-44,-98,1.166337
-46,-98,1.132312
-48,-98,1.14813
-50,-98,1.145526
-52,-98,1.140306
-54,-98,1.144007
-56,-98,1.146807
-58,-98,1.160197
-60,-98,1.15597
-62,-98,1.137316
-64,-98,1.149281
-66,-98,1.149287
-68,-98,1.145355
-70,-98,1.145919
-72,-98,1.147575
-74,-98,1.146924
-76,-98,1.157896
-78,-98,1.136078
-80,-98,1.212131
-82,-98,1.209608
-84,-98,1.248594
-86,-98,1.144828
-88,-98,1.139486
-90,-98,1.153946
-92,-98,1.149869
-94,-98,1.150514
-96,-98,1.145153
-98,-98,1.136764
-100,-98,1.13653
-102,-98,1.123967
-100,-100,1.130035
-98,-100,1.127399
-96,-100,1.141254
-94,-100,1.168945
-92,-100,1.135216
-90,-100,1.151613
-88,-100,1.154691
-86,-100,1.196259
-84,-100,1.190139
-82,-100,1.169305
-80,-100,1.196506
-78,-100,1.213602
-76,-100,1.157535
-74,-100,1.158178
-72,-100,1.148547
-70,-100,1.149465
-68,-100,1.148823
-66,-100,1.142865
-64,-100,1.159181
-62,-100,1.143459
-60,-100,1.144558
-58,-100,1.162457
-56,-100,1.138274
-54,-100,1.137123
-52,-100,1.134968
-50,-100,1.147178
-48,-100,1.146864
-46,-100,1.136159
-44,-100,1.11793
-42,-100,1.152594
-40,-100,1.976695
-38,-100,1.977417
-36,-100,1.977071
-34,-100,1.978919
-32,-100,1.956571
-30,-100,1.971468
-28,-100,1.959517
-26,-100,1.969728
-24,-100,1.976401
-22,-100,1.966266
-20,-100,1.965653
-18,-100,1.959589
-16,-100,1.959844
-14,-100,1.97422
-12,-100,1.964365
-10,-100,1.963605
-8,-100,1.958635
-6,-100,1.955707
-4,-100,1.96249
-2,-100,1.966248
0,-100,1.960149
2,-100,1.963941
4,-100,1.954517
6,-100,1.960104
8,-100,1.969184
10,-100,1.960482
12,-100,1.966217
14,-100,1.96345
16,-100,1.969652
18,-100,1.972627
20,-100,1.972196
22,-100,1.955925
24,-100,1.95705
26,-100,1.95941
28,-100,1.964089
30,-100,1.961002
32,-100,1.959855
34,-100,1.972592
36,-100,1.973508
38,-100,1.970599
40,-100,1.9681
42,-100,1.198115
44,-100,1.146107
46,-100,1.144616
48,-100,1.145971
50,-100,1.148829
52,-100,1.150835
54,-100,1.168814
56,-100,1.156593
58,-100,1.16944
60,-100,1.168497
62,-100,1.156848
64,-100,1.130014
66,-100,1.222175
68,-100,1.219734
70,-100,1.215625
72,-100,1.169656
74,-100,1.152953
76,-100,1.170571
78,-100,1.166983
80,-100,1.171448
82,-100,1.161123
84,-100,1.162579
86,-100,1.154925
88,-100,1.140877
90,-100,1.131337
92,-100,1.160706
94,-100,1.185142
96,-100,1.149831
98,-100,1.13918
100,-100,1.138998
98,-102,1.149488
96,-102,1.172831
94,-102,1.152752
92,-102,1.18167
90,-102,1.158479
88,-102,1.144199
86,-102,1.162069
84,-102,1.165517
82,-102,1.170809
80,-102,1.178701
78,-102,1.156421
76,-102,1.145104
74,-102,1.192195
72,-102,1.168359
70,-102,1.123543
68,-102,1.229246
66,-102,1.190484
64,-102,1.215819
62,-102,1.271567
60,-102,1.155147
58,-102,1.168494
56,-102,1.137762
54,-102,1.170238
52,-102,1.171183
50,-102,1.164455
48,-102,1.15443
46,-102,1.156406
44,-102,1.156724
42,-102,1.165864
40,-102,1.966459
38,-102,1.974585
36,-102,1.973036
34,-102,1.97449
32,-102,1.960742
30,-102,1.964265
28,-102,1.963186
26,-102,1.954473
24,-102,1.953051
22,-102,1.958426
20,-102,1.9707
18,-102,1.970082
16,-102,1.970905
14,-102,1.964139
12,-102,1.971916
10,-102,1.9565
8,-102,1.969551
6,-102,1.959577
4,-102,1.960058
2,-102,1.959608
0,-102,1.969324
-2,-102,1.968298
-4,-102,1.973995
-6,-102,1.958232
-8,-102,1.961488
-10,-102,1.963125
-12,-102,1.97012
-14,-102,1.970801
-16,-102,1.963727
-18,-102,1.965221
-20,-102,1.965942
-22,-102,1.968118
-24,-102,1.977943
-26,-102,1.970178
-28,-102,1.969895
-30,-102,1.969408
-32,-102,1.95857
-34,-102,1.976019
-36,-102,1.97492
-38,-102,1.978198
-40,-102,1.974845
-42,-102,1.155839
-44,-102,1.269122
-46,-102,1.142349
-48,-102,1.13362
-50,-102,1.161285
-52,-102,1.163882
-54,-102,1.14073
-56,-102,1.140488
-58,-102,1.147598
-60,-102,1.141081
-62,-102,1.153186
-64,-102,1.138594
-66,-102,1.145437
-68,-102,1.145265
-70,-102,1.132104
-72,-102,1.138848
-74,-102,1.159465
-76,-102,1.157881
-78,-102,1.166452
-80,-102,1.10821
-82,-102,1.241483
-84,-102,1.203939
-86,-102,1.170534
-88,-102,1.178764
-90,-102,1.166671
-92,-102,1.179997
-94,-102,1.147139
-96,-102,1.143392
-98,-102,1.143098
-96,-104,1.155972
-94,-104,1.153651
-92,-104,1.131108
-90,-104,1.256445
-88,-104,1.162673
-86,-104,1.153256
-84,-104,1.164606
-82,-104,1.235993
-80,-104,1.150312
-78,-104,1.150588
-76,-104,1.141005
-74,-104,1.150824
-72,-104,1.162642
-70,-104,1.167307
-68,-104,1.173781
-66,-104,1.178632
-64,-104,1.146245
-62,-104,1.145057
-60,-104,1.158884
-58,-104,1.175084
-56,-104,1.160953
-54,-104,1.157125
-52,-104,1.148838
-50,-104,1.144127
-48,-104,1.153609
-46,-104,1.161549
-44,-104,1.14779
-42,-104,1.155042
-40,-104,1.976903
-38,-104,1.97767
-36,-104,1.97787
-34,-104,1.969095
-32,-104,1.961936
-30,-104,1.967078
-28,-104,1.96626
-26,-104,1.964813
-24,-104,1.974274
-22,-104,1.97159
-20,-104,1.973136
-18,-104,1.979123
-16,-104,1.960231
-14,-104,1.969883
-12,-104,1.967861
-10,-104,1.961553
-8,-104,1.960573
-6,-104,1.960773
-4,-104,1.974687
-2,-104,1.973065
0,-104,1.964229
2,-104,1.964091
4,-104,1.958702
6,-104,1.957358
8,-104,1.963677
10,-104,1.953528
12,-104,1.96873
14,-104,1.966042
16,-104,1.969821
18,-104,1.956144
20,-104,1.962258
22,-104,1.956308
24,-104,1.950549
26,-104,1.957586
28,-104,1.958136
30,-104,1.95803
32,-104,1.960211
34,-104,1.969278
36,-104,1.970241
38,-104,1.969077
40,-104,1.966602
42,-104,1.219007
44,-104,1.153386
46,-104,1.146637
48,-104,1.170555
50,-104,1.156396
52,-104,1.16911
54,-104,1.186695
56,-104,1.158876
58,-104,1.148401
60,-104,1.148969
62,-104,1.161443
64,-104,1.260677
66,-104,1.251207
68,-104,1.212031
70,-104,1.159093
72,-104,1.158967
74,-104,1.185095
76,-104,1.151715
78,-104,1.158167
80,-104,1.177728
82,-104,1.147379
84,-104,1.152767
86,-104,1.16519
88,-104,1.162049
90,-104,1.168914
92,-104,1.183434
94,-104,1.13427
96,-104,1.161208
94,-106,1.183937
92,-106,1.152265
90,-106,1.159415
88,-106,1.161734
86,-106,1.158132
84,-106,1.167133
82,-106,1.155159
80,-106,1.168885
78,-106,1.157577
76,-106,1.162467
74,-106,1.162841
72,-106,1.161458
70,-106,1.154166
68,-106,1.193291
66,-106,1.263916
64,-106,1.218128
62,-106,1.239934
60,-106,1.151631
58,-106,1.172776
56,-106,1.164189
54,-106,1.179352
52,-106,1.141133
50,-106,1.159151
48,-106,1.159107
46,-106,1.144127
44,-106,1.155508
42,-106,1.232103
40,-106,1.969751
38,-106,1.972306
36,-106,1.970288
34,-106,1.96851
32,-106,1.957843
30,-106,1.95619
28,-106,1.953278
26,-106,1.95835
24,-106,1.953705
22,-106,1.955846
20,-106,1.96482
18,-106,1.961992
16,-106,1.968615
14,-106,1.965196
12,-106,1.971638
10,-106,1.955963
8,-106,1.964333
6,-106,1.965413
4,-106,1.9629
2,-106,1.966349
0,-106,1.968647
-2,-106,1.97537
-4,-106,1.98083
-6,-106,1.965215
-8,-106,1.96346
-10,-106,1.965357
-12,-106,1.968075
-14,-106,1.966063
-16,-106,1.962718
-18,-106,1.972404
-20,-106,1.970246
-22,-106,1.972616
-24,-106,1.970031
-26,-106,1.963961
-28,-106,1.96768
-30,-106,1.969561
-32,-106,1.961006
-34,-106,1.97068
-36,-106,1.968951
-38,-106,1.975947
-40,-106,1.972898
-42,-106,1.156811
-44,-106,1.138713
-46,-106,1.095755
-48,-106,1.162232
-50,-106,1.143043
-52,-106,1.15243
-54,-106,1.151817
-56,-106,1.151094
-58,-106,1.173183
-60,-106,1.125374
-62,-106,1.150141
-64,-106,1.156032
-66,-106,1.158656
-68,-106,1.139107
-70,-106,1.138409
-72,-106,1.141008
-74,-106,1.155048
-76,-106,1.151051
-78,-106,1.17222
-80,-106,1.130643
-82,-106,1.124715
-84,-106,1.228173
-86,-106,1.198254
-88,-106,1.152539
-90,-106,1.195551
-92,-106,1.262227
-94,-106,1.16077
-92,-108,1.231928
-90,-108,1.183807
-88,-108,1.15409
-86,-108,1.147074
-84,-108,1.231973
-82,-108,1.123509
-80,-108,1.142622
-78,-108,1.157792
-76,-108,1.191918
-74,-108,1.174751
-72,-108,1.154724
-70,-108,1.154847
-68,-108,1.164106
-66,-108,1.143015
-64,-108,1.147696
-62,-108,1.133303
-60,-108,1.144106
-58,-108,1.144593
-56,-108,1.136035
-54,-108,1.133868
-52,-108,1.144535
-50,-108,1.119928
-48,-108,1.141718
-46,-108,1.132746
-44,-108,1.128903
-42,-108,1.143369
-40,-108,1.179798
-38,-108,1.181032
-36,-108,1.172482
-34,-108,1.22707
-32,-108,1.181461
-30,-108,1.163713
-28,-108,1.151864
-26,-108,1.17268
-24,-108,1.184055
-22,-108,1.173676
-20,-108,1.174011
-18,-108,1.179235
-16,-108,1.151535
-14,-108,1.161805
-12,-108,1.160764
-10,-108,1.158189
-8,-108,1.154555
-6,-108,1.155457
-4,-108,1.162017
-2,-108,1.17381
0,-108,1.303235
2,-108,1.169734
4,-108,1.174538
6,-108,1.172409
8,-108,1.168396
10,-108,1.184546
12,-108,1.177405
14,-108,1.159293
16,-108,1.174118
18,-108,1.197586
20,-108,1.200132
22,-108,1.148896
24,-108,1.157947
26,-108,1.165782
28,-108,1.176697
30,-108,1.153295
32,-108,1.163434
34,-108,1.168038
36,-108,1.192156
38,-108,1.187861
40,-108,1.18548
42,-108,1.18025
44,-108,1.132564
46,-108,1.129217
48,-108,1.132353
50,-108,1.135407
52,-108,1.138863
54,-108,1.146688
56,-108,1.142555
58,-108,1.139222
60,-108,1.113123
62,-108,1.080052
64,-108,1.244077
66,-108,1.110452
68,-108,1.133925
70,-108,1.148238
72,-108,1.160679
74,-108,1.168082
76,-108,1.171381
78,-108,1.168089
80,-108,1.164082
82,-108,1.155485
84,-108,1.161289
86,-108,1.168766
88,-108,1.168428
90,-108,1.171532
92,-108,1.176766
88,-110,1.188103
86,-110,1.17734
84,-110,1.159485
82,-110,1.224774
80,-110,1.15033
78,-110,1.161063
76,-110,1.163109
74,-110,1.159097
72,-110,1.158971
70,-110,1.152635
68,-110,1.147852
66,-110,1.154051
64,-110,1.185228
62,-110,1.158259
60,-110,1.156631
58,-110,1.149417
56,-110,1.169113
54,-110,1.149777
52,-110,1.156862
50,-110,1.175237
48,-110,1.131995
46,-110,1.152011
44,-110,1.14468
42,-110,1.184618
40,-110,1.147001
38,-110,1.149343
36,-110,1.162414
34,-110,1.211325
32,-110,1.150097
30,-110,1.158266
28,-110,1.163026
26,-110,1.175898
24,-110,1.151657
22,-110,1.163926
20,-110,1.162625
18,-110,1.163583
16,-110,1.166145
14,-110,1.167803
12,-110,1.156362
10,-110,1.16908
8,-110,1.164478
6,-110,1.168685
4,-110,1.167096
2,-110,1.175766
0,-110,1.169396
-2,-110,1.204873
-4,-110,1.176337
-6,-110,1.167418
-8,-110,1.164597
-10,-110,1.174352
-12,-110,1.175872
-14,-110,1.176888
-16,-110,1.184326
-18,-110,1.187478
-20,-110,1.182662
-22,-110,1.18658
-24,-110,1.173114
-26,-110,1.187292
-28,-110,1.18152
-30,-110,1.188592
-32,-110,1.175455
-34,-110,1.156768
-36,-110,1.160858
-38,-110,1.146869
-40,-110,1.153624
-42,-110,1.163222
-44,-110,1.180863
-46,-110,1.144337
-48,-110,1.130159
-50,-110,1.152861
-52,-110,1.157347
-54,-110,1.181391
-56,-110,1.179225
-58,-110,1.168661
-60,-110,1.167186
-62,-110,1.156364
-64,-110,1.164828
-66,-110,1.171846
-68,-110,1.149968
-70,-110,1.145463
-72,-110,1.174895
-74,-110,1.138484
-76,-110,1.130284
-78,-110,1.142993
-80,-110,1.177604
-82,-110,1.126254
-84,-110,1.157501
-86,-110,1.134624
-88,-110,1.127586
-86,-112,1.164092
-84,-112,1.132048
-82,-112,1.160929
-80,-112,1.131502
-78,-112,1.134126
-76,-112,1.132836
-74,-112,1.140676
-72,-112,1.151301
-70,-112,1.141429
-68,-112,1.161203
-66,-112,1.139564
-64,-112,1.153356
-62,-112,1.168987
-60,-112,1.152456
-58,-112,1.146677
-56,-112,1.125918
-54,-112,1.161401
-52,-112,1.160808
-50,-112,1.158051
-48,-112,1.158208
-46,-112,1.181416
-44,-112,1.159877
-42,-112,1.156737
-40,-112,1.134599
-38,-112,1.133944
-36,-112,1.145866
-34,-112,1.13835
-32,-112,1.148695
-30,-112,1.154013
-28,-112,1.150302
-26,-112,1.14582
-24,-112,1.16173
-22,-112,1.166045
-20,-112,1.145949
-18,-112,1.150886
-16,-112,1.153369
-14,-112,1.155777
-12,-112,1.158205
-10,-112,1.158505
-8,-112,1.137474
-6,-112,1.17121
-4,-112,1.162134
-2,-112,1.161495
0,-112,1.185227
2,-112,1.145479
4,-112,1.165121
6,-112,1.179017
8,-112,1.163034
10,-112,1.157391
12,-112,1.158778
14,-112,1.162428
16,-112,1.152089
18,-112,1.163306
20,-112,1.156688
22,-112,1.164106
24,-112,1.141296
26,-112,1.163732
28,-112,1.176249
30,-112,1.162619
32,-112,1.153606
34,-112,1.160033
36,-112,1.150848
38,-112,1.167844
40,-112,1.155297
42,-112,1.177895
44,-112,1.157159
46,-112,1.154328
48,-112,1.159579
50,-112,1.158917
52,-112,1.148959
54,-112,1.182546
56,-112,1.150863
58,-112,1.15637
60,-112,1.177021
62,-112,1.16561
64,-112,1.159528
66,-112,1.151544
68,-112,1.171173
70,-112,1.165924
72,-112,1.170988
74,-112,1.178333
76,-112,1.156836
78,-112,1.192028
80,-112,1.169644
82,-112,1.247765
84,-112,1.226066
86,-112,1.177019
84,-114,1.179909
82,-114,1.218619
80,-114,1.180882
78,-114,1.144411
76,-114,1.148235
74,-114,1.170343
72,-114,1.163597
70,-114,1.159666
68,-114,1.189399
66,-114,1.162061
64,-114,1.157268
62,-114,1.170626
60,-114,1.165967
58,-114,1.168305
56,-114,1.154346
54,-114,1.176731
52,-114,1.160028
50,-114,1.15051
48,-114,1.15448
46,-114,1.142457
44,-114,1.16948
42,-114,1.22098
40,-114,1.15566
38,-114,1.168755
36,-114,1.139575
34,-114,1.144552
32,-114,1.147919
30,-114,1.138213
28,-114,1.14797
26,-114,1.150798
24,-114,1.157685
22,-114,1.141464
20,-114,1.164722
18,-114,1.162288
16,-114,1.166154
14,-114,1.15795
12,-114,1.159457
10,-114,1.15911
8,-114,1.165528
6,-114,1.190644
4,-114,1.162267
2,-114,1.141333
0,-114,1.202771
-2,-114,1.1545
-4,-114,1.153306
-6,-114,1.211897
-8,-114,1.157519
-10,-114,1.158814
-12,-114,1.161132
-14,-114,1.147354
-16,-114,1.162883
-18,-114,1.17558
-20,-114,1.150999
-22,-114,1.170651
-24,-114,1.161724
-26,-114,1.159638
-28,-114,1.137958
-30,-114,1.159963
-32,-114,1.149865
-34,-114,1.142408
-36,-114,1.126767
-38,-114,1.142733
-40,-114,1.140122
-42,-114,1.151328
-44,-114,1.152884
-46,-114,1.154566
-48,-114,1.148678
-50,-114,1.157482
-52,-114,1.155295
-54,-114,1.190666
-56,-114,1.151353
-58,-114,1.165406
-60,-114,1.166208
-62,-114,1.14619
-64,-114,1.141796
-66,-114,1.147601
-68,-114,1.140265
-70,-114,1.139067
-72,-114,1.156567
-74,-114,1.145574
-76,-114,1.161265
-78,-114,1.146314
-80,-114,1.141718
-82,-114,1.159207
-84,-114,1.146063
-80,-116,1.118597
-78,-116,1.148323
-76,-116,1.153895
-74,-116,1.154544
-72,-116,1.168966
-70,-116,1.149173
-68,-116,1.149854
-66,-116,1.133979
-64,-116,1.151898
-62,-116,1.154451
-60,-116,1.162014
-58,-116,1.156652
-56,-116,1.149377
-54,-116,1.180546
-52,-116,1.15201
-50,-116,1.154142
-48,-116,1.16148
-46,-116,1.156659
-44,-116,1.146908
-42,-116,1.156592
-40,-116,1.150821
-38,-116,1.155941
-36,-116,1.170409
-34,-116,1.146221
-32,-116,1.141342
-30,-116,1.130915
-28,-116,1.145639
-26,-116,1.169588
-24,-116,1.171593
-22,-116,1.156117
-20,-116,1.151389
-18,-116,1.169666
-16,-116,1.168828
-14,-116,1.155436
-12,-116,1.144656
-10,-116,1.173887
-8,-116,1.152561
-6,-116,1.174566
-4,-116,1.156048
-2,-116,1.159443
0,-116,1.17096
2,-116,1.167266
4,-116,1.147601
6,-116,1.169308
8,-116,1.160645
10,-116,1.153014
12,-116,1.151188
14,-116,1.167492
16,-116,1.1735
18,-116,1.164221
20,-116,1.153553
22,-116,1.147203
24,-116,1.16278
26,-116,1.152832
28,-116,1.152672
30,-116,1.161708
32,-116,1.152893
34,-116,1.157037
36,-116,1.148929
38,-116,1.172136
40,-116,1.148678
42,-116,1.224485
44,-116,1.162681
46,-116,1.157301
48,-116,1.145577
50,-116,1.141597
52,-116,1.151785
54,-116,1.181429
56,-116,1.144479
58,-116,1.166729
60,-116,1.169718
62,-116,1.161189
64,-116,1.157637
66,-116,1.156755
68,-116,1.172591
70,-116,1.158048
72,-116,1.170574
74,-116,1.178437
76,-116,1.139332
78,-116,1.24513
80,-116,1.24051
78,-118,1.219966
76,-118,1.212297
74,-118,1.174073
72,-118,1.169483
70,-118,1.17919
68,-118,1.170081
66,-118,1.164709
64,-118,1.167083
62,-118,1.174104
60,-118,1.168563
58,-118,1.150025
56,-118,1.18124
54,-118,1.186262
52,-118,1.150955
50,-118,1.16571
48,-118,1.173007
46,-118,1.16078
44,-118,1.148142
42,-118,1.171369
40,-118,1.255877
38,-118,1.13877
36,-118,1.13895
34,-118,1.154929
32,-118,1.1515
30,-118,1.195682
28,-118,1.151605
26,-118,1.161918
24,-118,1.147644
22,-118,1.161099
20,-118,1.152321
18,-118,1.166605
16,-118,1.17864
14,-118,1.154002
12,-118,1.161305
10,-118,1.143353
8,-118,1.160482
6,-118,1.17003
4,-118,1.158625
2,-118,1.170013
0,-118,1.161238
-2,-118,1.141981
-4,-118,1.1456
-6,-118,1.162033
-8,-118,1.141818
-10,-118,1.149806
-12,-118,1.150127
-14,-118,1.140424
-16,-118,1.151902
-18,-118,1.168312
-20,-118,1.162256
-22,-118,1.155583
-24,-118,1.157431
-26,-118,1.15763
-28,-118,1.180659
-30,-118,1.164152
-32,-118,1.15032
-34,-118,1.147416
-36,-118,1.157668
-38,-118,1.128618
-40,-118,1.156673
-42,-118,1.171383
-44,-118,1.159896
-46,-118,1.169448
-48,-118,1.165699
-50,-118,1.154615
-52,-118,1.143373
-54,-118,1.163869
-56,-118,1.162456
-58,-118,1.150994
-60,-118,1.155981
-62,-118,1.158903
-64,-118,1.149829
-66,-118,1.131016
-68,-118,1.133138
-70,-118,1.141911
-72,-118,1.140308
-74,-118,1.152665
-76,-118,1.147911
-78,-118,1.144131
-74,-120,1.137992
-72,-120,1.149665
-70,-120,1.142225
-68,-120,1.137818
-66,-120,1.157269
-64,-120,1.153991
-62,-120,1.165144
-60,-120,1.147071
-58,-120,1.152613
-56,-120,1.146552
-54,-120,1.166497
-52,-120,1.143015
-50,-120,1.156108
-48,-120,1.175033
-46,-120,1.177537
-44,-120,1.177187
-42,-120,1.16798
-40,-120,1.137608
-38,-120,1.149676
-36,-120,1.146851
-34,-120,1.156174
-32,-120,1.144898
-30,-120,1.158141
-28,-120,1.142365
-26,-120,1.143718
-24,-120,1.142326
-22,-120,1.151379
-20,-120,1.142511
-18,-120,1.150063
-16,-120,1.166349
-14,-120,1.154964
-12,-120,1.169265
-10,-120,1.160601
-8,-120,1.158827
-6,-120,1.155965
-4,-120,1.157232
-2,-120,1.181351
0,-120,1.153198
2,-120,1.136328
4,-120,1.146872
6,-120,1.203984
8,-120,1.152317
10,-120,1.147932
12,-120,1.157168
14,-120,1.164749
16,-120,1.174243
18,-120,1.138982
20,-120,1.159244
22,-120,1.146942
24,-120,1.153011
26,-120,1.161526
28,-120,1.160037
30,-120,1.191675
32,-120,1.14705
34,-120,1.161106
36,-120,1.140762
38,-120,1.18009
40,-120,1.243043
42,-120,1.202385
44,-120,1.172584
46,-120,1.162709
48,-120,1.15175
50,-120,1.155833
52,-120,1.162321
54,-120,1.173504
56,-120,1.136684
58,-120,1.147994
60,-120,1.172286
62,-120,1.165158
64,-120,1.169171
66,-120,1.16181
68,-120,1.17509
70,-120,1.175355
72,-120,1.17881
74,-120,1.165224
72,-122,1.234235
70,-122,1.227151
68,-122,1.16565
66,-122,1.161507
64,-122,1.165115
62,-122,1.156204
60,-122,1.176973
58,-122,1.155508
56,-122,1.183371
54,-122,1.155238
52,-122,1.166096
50,-122,1.160668
48,-122,1.176833
46,-122,1.176684
44,-122,1.181039
42,-122,1.178804
40,-122,1.203722
38,-122,1.244464
36,-122,1.134171
34,-122,1.201424
32,-122,1.166196
30,-122,1.165274
28,-122,1.153619
26,-122,1.171071
24,-122,1.181453
22,-122,1.134522
20,-122,1.156861
18,-122,1.168179
16,-122,1.149149
14,-122,1.164068
12,-122,1.148452
10,-122,1.16144
8,-122,1.147716
6,-122,1.164769
4,-122,1.166553
2,-122,1.186792
0,-122,1.189491
-2,-122,1.175417
-4,-122,1.16291
-6,-122,1.179786
-8,-122,1.183296
-10,-122,1.191971
-12,-122,1.173501
-14,-122,1.204941
-16,-122,1.18696
-18,-122,1.171133
-20,-122,1.145295
-22,-122,1.165611
-24,-122,1.153305
-26,-122,1.164768
-28,-122,1.164372
-30,-122,1.145523
-32,-122,1.147711
-34,-122,1.169334
-36,-122,1.160863
-38,-122,1.162314
-40,-122,1.172634
-42,-122,1.168843
-44,-122,1.187464
-46,-122,1.16257
-48,-122,1.137047
-50,-122,1.18687
-52,-122,1.151242
-54,-122,1.121409
-56,-122,1.10995
-58,-122,1.131409
-60,-122,1.146496
-62,-122,1.13553
-64,-122,1.156557
-66,-122,1.129882
-68,-122,1.180202
-70,-122,1.127042
-72,-122,1.136966
-68,-124,1.134499
-66,-124,1.189442
-64,-124,1.161235
-62,-124,1.147766
-60,-124,1.128216
-58,-124,1.172474
-56,-124,1.149445
-54,-124,1.141387
-52,-124,1.14513
-50,-124,1.155892
-48,-124,1.18915
-46,-124,1.181945
-44,-124,1.178595
-42,-124,1.166605
-40,-124,1.157442
-38,-124,1.155886
-36,-124,1.166193
-34,-124,1.151262
-32,-124,1.15583
-30,-124,1.146122
-28,-124,1.15039
-26,-124,1.152475
-24,-124,1.165249
-22,-124,1.158034
-20,-124,1.165402
-18,-124,1.172461
-16,-124,1.165692
-14,-124,1.166406
-12,-124,1.151638
-10,-124,1.161914
-8,-124,1.164575
-6,-124,1.168688
-4,-124,1.154209
-2,-124,1.156166
0,-124,1.159605
2,-124,1.162105
4,-124,1.149647
6,-124,1.15888
8,-124,1.148491
10,-124,1.168644
12,-124,1.157418
14,-124,1.157394
16,-124,1.135718
18,-124,1.167494
20,-124,1.166527
22,-124,1.162367
24,-124,1.140973
26,-124,1.14432
28,-124,1.143627
30,-124,1.166281
32,-124,1.160615
34,-124,1.166548
36,-124,1.219074
38,-124,1.237651
40,-124,1.246463
42,-124,1.221943
44,-124,1.16093
46,-124,1.178016
48,-124,1.149446
50,-124,1.167642
52,-124,1.167172
54,-124,1.150254
56,-124,1.155489
58,-124,1.180011
60,-124,1.164939
62,-124,1.150447
64,-124,1.190694
66,-124,1.176902
68,-124,1.16894
64,-126,1.181019
62,-126,1.17396
60,-126,1.174871
58,-126,1.153292
56,-126,1.167139
54,-126,1.167989
52,-126,1.173666
50,-126,1.176824
48,-126,1.161721
46,-126,1.173873
44,-126,1.167164
42,-126,1.151578
40,-126,1.270173
38,-126,1.23622
36,-126,1.252147
34,-126,1.160099
32,-126,1.153094
30,-126,1.154407
28,-126,1.155679
26,-126,1.151436
24,-126,1.157492
22,-126,1.156515
20,-126,1.168486
18,-126,1.141283
16,-126,1.140454
14,-126,1.145593
12,-126,1.154339
10,-126,1.174137
8,-126,1.16124
6,-126,1.170762
4,-126,1.140042
2,-126,1.159185
0,-126,1.137316
-2,-126,1.167072
-4,-126,1.162398
-6,-126,1.160674
-8,-126,1.156225
-10,-126,1.154601
-12,-126,1.152748
-14,-126,1.136211
-16,-126,1.147395
-18,-126,1.195155
-20,-126,1.143271
-22,-126,1.153583
-24,-126,1.152375
-26,-126,1.13886
-28,-126,1.149628
-30,-126,1.136412
-32,-126,1.152802
-34,-126,1.140526
-36,-126,1.167781
-38,-126,1.177504
-40,-126,1.147834
-42,-126,1.161002
-44,-126,1.151401
-46,-126,1.150142
-48,-126,1.157309
-50,-126,1.147689
-52,-126,1.156506
-54,-126,1.155342
-56,-126,1.160148
-58,-126,1.145371
-60,-126,1.140058
-62,-126,1.124554
-64,-126,1.150078
-60,-128,1.134129
-58,-128,1.133555
-56,-128,1.148835
-54,-128,1.133116
-52,-128,1.152782
-50,-128,1.15533
-48,-128,1.152673
-46,-128,1.168121
-44,-128,1.155031
-42,-128,1.162294
-40,-128,1.163147
-38,-128,1.183735
-36,-128,1.166373
-34,-128,1.14158
-32,-128,1.148296
-30,-128,1.154518
-28,-128,1.180742
-26,-128,1.148446
-24,-128,1.147423
-22,-128,1.148171
-20,-128,1.13245
-18,-128,1.14471
-16,-128,1.164413
-14,-128,1.169402
-12,-128,1.169894
-10,-128,1.174178
-8,-128,1.16893
-6,-128,1.160993
-4,-128,1.161655
-2,-128,1.12436
0,-128,1.157993
2,-128,1.150665
4,-128,1.14051
6,-128,1.160977
8,-128,1.154455
10,-128,1.170637
12,-128,1.152831
14,-128,1.14409
16,-128,1.134137
18,-128,1.134427
20,-128,1.178794
22,-128,1.155523
24,-128,1.155987
26,-128,1.150898
28,-128,1.160453
30,-128,1.143779
32,-128,1.145965
34,-128,1.124491
36,-128,1.136105
38,-128,1.261827
40,-128,1.190201
42,-128,1.155923
44,-128,1.150951
46,-128,1.172917
48,-128,1.168898
50,-128,1.16499
52,-128,1.156917
54,-128,1.196522
56,-128,1.171891
58,-128,1.186906
60,-128,1.162953
56,-130,1.181952
54,-130,1.194791
52,-130,1.166648
50,-130,1.166835
48,-130,1.17474
46,-130,1.160653
44,-130,1.166476
42,-130,1.172916
40,-130,1.148874
38,-130,1.274991
36,-130,1.2688
34,-130,1.229126
32,-130,1.127095
30,-130,1.165546
28,-130,1.176209
26,-130,1.157674
24,-130,1.167571
22,-130,1.162745
20,-130,1.156143
18,-130,1.161931
16,-130,1.160715
14,-130,1.157377
12,-130,1.15139
10,-130,1.153326
8,-130,1.159008
6,-130,1.16121
4,-130,1.155127
2,-130,1.153627
0,-130,1.154838
-2,-130,1.164432
-4,-130,1.152317
-6,-130,1.152455
-8,-130,1.156785
-10,-130,1.175862
-12,-130,1.178326
-14,-130,1.16738
-16,-130,1.163148
-18,-130,1.15723
-20,-130,1.146441
-22,-130,1.151294
-24,-130,1.16318
-26,-130,1.144564
-28,-130,1.163623
-30,-130,1.160842
-32,-130,1.141236
-34,-130,1.152408
-36,-130,1.172923
-38,-130,1.153511
-40,-130,1.16765
-42,-130,1.16017
-44,-130,1.182141
-46,-130,1.135506
-48,-130,1.157422
-50,-130,1.145187
-52,-130,1.148877
-54,-130,1.114743
-56,-130,1.130334
-52,-132,1.150241
-50,-132,1.16525
-48,-132,1.119936
-46,-132,1.087328
-44,-132,1.224727
-42,-132,1.159809
-40,-132,1.14031
-38,-132,1.154184
-36,-132,1.173643
-34,-132,1.156427
-32,-132,1.144389
-30,-132,1.140652
-28,-132,1.166124
-26,-132,1.159319
-24,-132,1.176537
-22,-132,1.152489
-20,-132,1.136458
-18,-132,1.146193
-16,-132,1.162928
-14,-132,1.173925
-12,-132,1.170799
-10,-132,1.197437
-8,-132,1.228987
-6,-132,1.095188
-4,-132,1.13117
-2,-132,1.171246
0,-132,1.159942
2,-132,1.166917
4,-132,1.152139
6,-132,1.160128
8,-132,1.155674
10,-132,1.154479
12,-132,1.168843
14,-132,1.150817
16,-132,1.164124
18,-132,1.156184
20,-132,1.148658
22,-132,1.164142
24,-132,1.17696
26,-132,1.170174
28,-132,1.180078
30,-132,1.15383
32,-132,1.134436
34,-132,1.127382
36,-132,1.16952
38,-132,1.139238
40,-132,1.163728
42,-132,1.1719
44,-132,1.179385
46,-132,1.182362
48,-132,1.162055
50,-132,1.169014
52,-132,1.163354
46,-134,1.162465
44,-134,1.185846
42,-134,1.171681
40,-134,1.198947
38,-134,1.146632
36,-134,1.180401
34,-134,1.18195
32,-134,1.145153
30,-134,1.14655
28,-134,1.16433
26,-134,1.166979
24,-134,1.168501
22,-134,1.220008
20,-134,1.174944
18,-134,1.154858
16,-134,1.1673
14,-134,1.171961
12,-134,1.155343
10,-134,1.15384
8,-134,1.158621
6,-134,1.154478
4,-134,1.150411
2,-134,1.150371
0,-134,1.192204
-2,-134,1.16857
-4,-134,1.160935
-6,-134,1.142292
-8,-134,1.295643
-10,-134,1.258759
-12,-134,1.153355
-14,-134,1.148953
-16,-134,1.162168
-18,-134,1.191737
-20,-134,1.146469
-22,-134,1.147222
-24,-134,1.145816
-26,-134,1.140315
-28,-134,1.145243
-30,-134,1.145471
-32,-134,1.152852
-34,-134,1.136392
-36,-134,1.16735
-38,-134,1.145232
-40,-134,1.141426
-42,-134,1.139097
-44,-134,1.176307
-46,-134,1.25333
-40,-136,1.14888
-38,-136,1.179191
-36,-136,1.159493
-34,-136,1.133079
-32,-136,1.155278
-30,-136,1.143917
-28,-136,1.150225
-26,-136,1.148106
-24,-136,1.143507
-22,-136,1.152893
-20,-136,1.179146
-18,-136,1.170548
-16,-136,1.163399
-14,-136,1.147501
-12,-136,1.287154
-10,-136,1.248939
-8,-136,1.251084
-6,-136,1.283267
-4,-136,1.129453
-2,-136,1.174548
0,-136,1.15557
2,-136,1.146156
4,-136,1.143347
6,-136,1.168996
8,-136,1.154414
10,-136,1.150954
12,-136,1.154733
14,-136,1.137659
16,-136,1.165198
18,-136,1.194731
20,-136,1.177262
22,-136,1.212499
24,-136,1.174812
26,-136,1.16287
28,-136,1.159559
30,-136,1.161145
32,-136,1.132083
34,-136,1.148079
36,-136,1.176341
38,-136,1.185205
40,-136,1.181115
32,-138,1.151541
30,-138,1.132633
28,-138,1.186475
26,-138,1.199606
24,-138,1.19779
22,-138,1.191794
20,-138,1.156073
18,-138,1.14119
16,-138,1.169347
14,-138,1.15155
12,-138,1.159672
10,-138,1.156072
8,-138,1.160041
6,-138,1.160643
4,-138,1.152809
2,-138,1.152777
0,-138,1.177272
-2,-138,1.175559
-4,-138,1.151005
-6,-138,1.140006
-8,-138,1.254361
-10,-138,1.251956
-12,-138,1.163392
-14,-138,1.164077
-16,-138,1.18214
-18,-138,1.139818
-20,-138,1.151562
-22,-138,1.164941
-24,-138,1.164906
-26,-138,1.151712
-28,-138,1.162138
-30,-138,1.134532
-32,-138,1.139625
-22,-140,1.162018
-20,-140,1.147419
-18,-140,1.143276
-16,-140,1.174543
-14,-140,1.162336
-12,-140,1.240767
-10,-140,1.210219
-8,-140,1.271877
-6,-140,1.113681
-4,-140,1.16082
-2,-140,1.182929
0,-140,1.168863
2,-140,1.147575
4,-140,1.144948
6,-140,1.173808
8,-140,1.153251
10,-140,1.175602
12,-140,1.152545
14,-140,1.175711
16,-140,1.165893
18,-140,1.152924
20,-140,1.148478
22,-140,1.161348
0,-142,1.171749
